Text16;Текст3;Text14;Text18;Text17;Текст5;Text23;Text24
Организация;;;Демо;;;;
Группа;;;Грузовые;;;;
Наименование;;;Камаз трололо );;;Минимальная продолжительность стоянки;0:01:00
Регистрационный №;;;д 555 дд;;;;
Позывной;;;Мусоровоз;;;;
№;Период стоянки с;;Период стоянки по;;Продолжи- тельность;Место стоянки;
;Дата;Время;Дата;Время;;;
1;16.08.2013;00:00:00;16.08.2013;00:17:03;0:17:03;"Долгота=38° 58' 59.88"" Широта=45° 14' 37.66""";
2;16.08.2013;00:17:58;16.08.2013;00:21:20;0:03:22;"Долгота=38° 58' 58.83"" Широта=45° 14' 42.06""";
3;16.08.2013;00:21:24;16.08.2013;00:22:47;0:01:23;"Долгота=38° 58' 58.38"" Широта=45° 14' 44.26""";
4;16.08.2013;00:22:50;16.08.2013;00:27:54;0:05:04;"Долгота=38° 58' 58.16"" Широта=45° 14' 45.02""";
5;16.08.2013;00:28:08;16.08.2013;00:33:13;0:05:05;"Долгота=38° 58' 57.42"" Широта=45° 14' 48.20""";
6;16.08.2013;00:34:00;16.08.2013;00:36:04;0:02:04;"Долгота=38° 58' 56.06"" Широта=45° 14' 53.24""";
7;16.08.2013;00:36:11;16.08.2013;00:38:52;0:02:41;"Долгота=38° 58' 55.59"" Широта=45° 14' 55.14""";
8;16.08.2013;00:42:24;16.08.2013;00:43:50;0:01:26;"Долгота=39° 00' 11.78"" Широта=45° 15' 07.51""";
9;16.08.2013;00:44:03;16.08.2013;00:45:58;0:01:55;"Долгота=39° 00' 12.81"" Широта=45° 15' 04.66""";
10;16.08.2013;00:46:50;16.08.2013;00:48:34;0:01:44;"Долгота=39° 00' 13.83"" Широта=45° 15' 01.21""";
11;16.08.2013;00:49:52;16.08.2013;00:51:45;0:01:53;"Долгота=39° 00' 15.92"" Широта=45° 14' 54.95""";
12;16.08.2013;00:53:11;16.08.2013;00:56:13;0:03:02;"Долгота=39° 00' 17.85"" Широта=45° 14' 49.18""";
13;16.08.2013;00:58:15;16.08.2013;00:59:16;0:01:01;"Долгота=39° 00' 21.57"" Широта=45° 14' 39.88""";
14;16.08.2013;00:59:28;16.08.2013;01:01:16;0:01:48;"Долгота=39° 00' 22.11"" Широта=45° 14' 37.62""";
15;16.08.2013;01:08:48;16.08.2013;01:13:52;0:05:04;"Долгота=38° 57' 09.71"" Широта=45° 13' 58.98""";
16;16.08.2013;01:15:52;16.08.2013;01:22:41;0:06:49;"Долгота=38° 57' 15.70"" Широта=45° 13' 57.75""";
17;16.08.2013;01:50:14;16.08.2013;01:55:37;0:05:23;"Долгота=39° 11' 06.97"" Широта=45° 13' 58.12""";
18;16.08.2013;02:00:54;16.08.2013;02:02:21;0:01:27;"Долгота=39° 11' 31.34"" Широта=45° 15' 02.46""";
19;16.08.2013;02:04:34;16.08.2013;02:15:29;0:10:55;"Долгота=39° 11' 03.86"" Широта=45° 14' 59.88""";
20;16.08.2013;02:16:57;16.08.2013;02:22:04;0:05:07;"Долгота=39° 10' 53.48"" Широта=45° 14' 56.90""";
21;16.08.2013;02:44:52;16.08.2013;02:53:41;0:08:49;"Долгота=39° 00' 44.27"" Широта=45° 14' 16.77""";
22;16.08.2013;03:00:30;16.08.2013;03:17:59;0:17:29;"Долгота=39° 00' 30.50"" Широта=45° 15' 13.46""";
23;16.08.2013;03:19:23;16.08.2013;03:23:43;0:04:20;"Долгота=39° 00' 25.80"" Широта=45° 15' 05.95""";
24;16.08.2013;03:38:16;16.08.2013;03:56:16;0:18:00;"Долгота=38° 59' 00.00"" Широта=45° 14' 37.51""";
25;16.08.2013;04:00:16;16.08.2013;04:23:51;0:23:35;"Долгота=38° 59' 00.18"" Широта=45° 14' 37.18""";
26;16.08.2013;04:27:43;16.08.2013;04:39:17;0:11:34;Хоз двор. Место где находится гараж.;
27;16.08.2013;04:47:01;16.08.2013;04:52:23;0:05:22;"Долгота=39° 00' 23.21"" Широта=45° 14' 33.51""";
28;16.08.2013;04:52:35;16.08.2013;04:55:01;0:02:26;"Долгота=39° 00' 23.70"" Широта=45° 14' 29.29""";
29;16.08.2013;04:55:20;16.08.2013;04:56:29;0:01:09;"Долгота=39° 00' 24.72"" Широта=45° 14' 24.61""";
30;16.08.2013;04:56:32;16.08.2013;05:00:11;0:03:39;"Долгота=39° 00' 24.91"" Широта=45° 14' 22.50""";
31;16.08.2013;05:00:23;16.08.2013;05:02:31;0:02:08;"Долгота=39° 00' 25.14"" Широта=45° 14' 19.14""";
32;16.08.2013;05:03:30;16.08.2013;05:07:48;0:04:18;"Долгота=39° 00' 25.97"" Широта=45° 14' 12.11""";
33;16.08.2013;05:07:54;16.08.2013;05:09:10;0:01:16;"Долгота=39° 00' 26.52"" Широта=45° 14' 09.87""";
34;16.08.2013;05:11:07;16.08.2013;05:12:42;0:01:35;"Долгота=39° 00' 33.27"" Широта=45° 14' 04.20""";
35;16.08.2013;05:13:36;16.08.2013;05:28:49;0:15:13;"Долгота=39° 00' 26.16"" Широта=45° 14' 07.66""";
36;16.08.2013;05:29:19;16.08.2013;05:37:57;0:08:38;Точка №1 ул. Набережная.;
37;16.08.2013;05:42:14;16.08.2013;05:49:46;0:07:32;"Долгота=39° 00' 20.17"" Широта=45° 14' 42.00""";
38;16.08.2013;05:52:23;16.08.2013;05:55:17;0:02:54;"Долгота=39° 00' 16.60"" Широта=45° 14' 53.53""";
39;16.08.2013;05:55:54;16.08.2013;06:07:52;0:11:58;Точка №2 ул.Привокзальная.;
40;16.08.2013;06:08:46;16.08.2013;06:14:36;0:05:50;"Долгота=39° 00' 12.63"" Широта=45° 15' 05.07""";
41;16.08.2013;06:14:52;16.08.2013;06:18:30;0:03:38;"Долгота=39° 00' 11.60"" Широта=45° 15' 07.94""";
42;16.08.2013;06:27:46;16.08.2013;06:35:47;0:08:01;"Долгота=38° 58' 44.54"" Широта=45° 14' 14.21""";
43;16.08.2013;06:40:41;16.08.2013;06:41:59;0:01:18;"Долгота=38° 59' 14.01"" Широта=45° 13' 31.07""";
44;16.08.2013;06:43:21;16.08.2013;06:46:28;0:03:07;"Долгота=38° 59' 21.82"" Широта=45° 13' 31.97""";
45;16.08.2013;06:46:48;16.08.2013;06:49:47;0:02:59;"Долгота=38° 59' 26.97"" Широта=45° 13' 32.51""";
46;16.08.2013;06:51:47;16.08.2013;06:53:21;0:01:34;"Долгота=38° 59' 32.52"" Широта=45° 13' 33.33""";
47;16.08.2013;06:53:25;16.08.2013;06:56:13;0:02:48;"Долгота=38° 59' 35.10"" Широта=45° 13' 33.85""";
48;16.08.2013;06:58:19;16.08.2013;07:01:56;0:03:37;"Долгота=38° 59' 45.35"" Широта=45° 13' 35.23""";
49;16.08.2013;07:43:46;16.08.2013;07:46:09;0:02:23;"Долгота=39° 11' 31.14"" Широта=45° 15' 02.18""";
50;16.08.2013;07:48:07;16.08.2013;07:50:24;0:02:17;"Долгота=39° 11' 03.85"" Широта=45° 14' 59.78""";
51;16.08.2013;07:51:08;16.08.2013;07:56:44;0:05:36;"Долгота=39° 10' 55.28"" Широта=45° 14' 57.03""";
52;16.08.2013;07:57:44;16.08.2013;08:16:48;0:19:04;Точка №3 тупичёк за озером.;
53;16.08.2013;08:44:10;16.08.2013;09:13:54;0:29:44;Хоз двор. Место где находится гараж.;
54;16.08.2013;09:18:20;16.08.2013;09:25:12;0:06:52;"Долгота=38° 59' 07.51"" Широта=45° 14' 20.08""";
55;16.08.2013;09:25:58;16.08.2013;09:37:42;0:11:44;"Долгота=38° 59' 05.03"" Широта=45° 14' 25.68""";
56;16.08.2013;09:39:03;16.08.2013;09:43:37;0:04:34;"Долгота=38° 59' 01.79"" Широта=45° 14' 33.70""";
57;16.08.2013;09:44:03;16.08.2013;10:13:53;0:29:50;"Долгота=38° 58' 59.88"" Широта=45° 14' 37.66""";
58;16.08.2013;10:14:48;16.08.2013;10:18:10;0:03:22;"Долгота=38° 58' 58.83"" Широта=45° 14' 42.06""";
59;16.08.2013;10:18:14;16.08.2013;10:19:37;0:01:23;"Долгота=38° 58' 58.38"" Широта=45° 14' 44.26""";
60;16.08.2013;10:19:40;16.08.2013;10:24:44;0:05:04;"Долгота=38° 58' 58.16"" Широта=45° 14' 45.02""";
61;16.08.2013;10:24:58;16.08.2013;10:30:03;0:05:05;"Долгота=38° 58' 57.42"" Широта=45° 14' 48.20""";
62;16.08.2013;10:30:50;16.08.2013;10:32:54;0:02:04;"Долгота=38° 58' 56.06"" Широта=45° 14' 53.24""";
63;16.08.2013;10:33:01;16.08.2013;10:35:42;0:02:41;"Долгота=38° 58' 55.59"" Широта=45° 14' 55.14""";
64;16.08.2013;10:39:14;16.08.2013;10:40:40;0:01:26;"Долгота=39° 00' 11.78"" Широта=45° 15' 07.51""";
65;16.08.2013;10:40:53;16.08.2013;10:42:48;0:01:55;"Долгота=39° 00' 12.81"" Широта=45° 15' 04.66""";
66;16.08.2013;10:43:40;16.08.2013;10:45:24;0:01:44;"Долгота=39° 00' 13.83"" Широта=45° 15' 01.21""";
67;16.08.2013;10:46:42;16.08.2013;10:48:35;0:01:53;"Долгота=39° 00' 15.92"" Широта=45° 14' 54.95""";
68;16.08.2013;10:50:01;16.08.2013;10:53:03;0:03:02;"Долгота=39° 00' 17.85"" Широта=45° 14' 49.18""";
69;16.08.2013;10:55:05;16.08.2013;10:56:06;0:01:01;"Долгота=39° 00' 21.57"" Широта=45° 14' 39.88""";
70;16.08.2013;10:56:18;16.08.2013;10:58:06;0:01:48;"Долгота=39° 00' 22.11"" Широта=45° 14' 37.62""";
71;16.08.2013;11:05:38;16.08.2013;11:10:42;0:05:04;"Долгота=38° 57' 09.71"" Широта=45° 13' 58.98""";
72;16.08.2013;11:12:42;16.08.2013;11:19:31;0:06:49;"Долгота=38° 57' 15.70"" Широта=45° 13' 57.75""";
73;16.08.2013;11:47:04;16.08.2013;11:52:27;0:05:23;"Долгота=39° 11' 06.97"" Широта=45° 13' 58.12""";
74;16.08.2013;11:57:44;16.08.2013;11:59:11;0:01:27;"Долгота=39° 11' 31.34"" Широта=45° 15' 02.46""";
75;16.08.2013;12:01:24;16.08.2013;12:12:19;0:10:55;"Долгота=39° 11' 03.86"" Широта=45° 14' 59.88""";
76;16.08.2013;12:13:47;16.08.2013;12:18:54;0:05:07;"Долгота=39° 10' 53.48"" Широта=45° 14' 56.90""";
77;16.08.2013;12:41:42;16.08.2013;12:50:31;0:08:49;"Долгота=39° 00' 44.27"" Широта=45° 14' 16.77""";
78;16.08.2013;12:57:20;16.08.2013;13:14:49;0:17:29;"Долгота=39° 00' 30.50"" Широта=45° 15' 13.46""";
79;16.08.2013;13:16:13;16.08.2013;13:20:33;0:04:20;"Долгота=39° 00' 25.80"" Широта=45° 15' 05.95""";
80;16.08.2013;13:35:06;16.08.2013;14:20:41;0:45:35;"Долгота=38° 59' 00.00"" Широта=45° 14' 37.51""";
81;16.08.2013;14:24:33;16.08.2013;14:36:07;0:11:34;Хоз двор. Место где находится гараж.;
82;16.08.2013;14:43:51;16.08.2013;14:49:13;0:05:22;"Долгота=39° 00' 23.21"" Широта=45° 14' 33.51""";
83;16.08.2013;14:49:25;16.08.2013;14:51:51;0:02:26;"Долгота=39° 00' 23.70"" Широта=45° 14' 29.29""";
84;16.08.2013;14:52:10;16.08.2013;14:53:19;0:01:09;"Долгота=39° 00' 24.72"" Широта=45° 14' 24.61""";
85;16.08.2013;14:53:22;16.08.2013;14:57:01;0:03:39;"Долгота=39° 00' 24.91"" Широта=45° 14' 22.50""";
86;16.08.2013;14:57:13;16.08.2013;14:59:21;0:02:08;"Долгота=39° 00' 25.14"" Широта=45° 14' 19.14""";
87;16.08.2013;15:00:20;16.08.2013;15:04:38;0:04:18;"Долгота=39° 00' 25.97"" Широта=45° 14' 12.11""";
88;16.08.2013;15:04:44;16.08.2013;15:06:00;0:01:16;"Долгота=39° 00' 26.52"" Широта=45° 14' 09.87""";
89;16.08.2013;15:07:57;16.08.2013;15:09:32;0:01:35;"Долгота=39° 00' 33.27"" Широта=45° 14' 04.20""";
90;16.08.2013;15:10:26;16.08.2013;15:25:39;0:15:13;"Долгота=39° 00' 26.16"" Широта=45° 14' 07.66""";
91;16.08.2013;15:26:09;16.08.2013;15:34:47;0:08:38;Точка №1 ул. Набережная.;
92;16.08.2013;15:39:04;16.08.2013;15:46:36;0:07:32;"Долгота=39° 00' 20.17"" Широта=45° 14' 42.00""";
93;16.08.2013;15:49:13;16.08.2013;15:52:07;0:02:54;"Долгота=39° 00' 16.60"" Широта=45° 14' 53.53""";
94;16.08.2013;15:52:44;16.08.2013;16:04:42;0:11:58;Точка №2 ул.Привокзальная.;
95;16.08.2013;16:05:36;16.08.2013;16:11:26;0:05:50;"Долгота=39° 00' 12.63"" Широта=45° 15' 05.07""";
96;16.08.2013;16:11:42;16.08.2013;16:15:20;0:03:38;"Долгота=39° 00' 11.60"" Широта=45° 15' 07.94""";
97;16.08.2013;16:24:24;16.08.2013;16:32:37;0:08:13;"Долгота=38° 58' 44.54"" Широта=45° 14' 14.21""";
98;16.08.2013;16:37:31;16.08.2013;16:38:49;0:01:18;"Долгота=38° 59' 14.01"" Широта=45° 13' 31.07""";
99;16.08.2013;16:40:07;16.08.2013;16:43:18;0:03:11;"Долгота=38° 59' 21.82"" Широта=45° 13' 31.97""";
100;16.08.2013;16:43:38;16.08.2013;16:46:37;0:02:59;"Долгота=38° 59' 26.97"" Широта=45° 13' 32.51""";
101;16.08.2013;16:48:37;16.08.2013;16:50:11;0:01:34;"Долгота=38° 59' 32.52"" Широта=45° 13' 33.33""";
102;16.08.2013;16:50:15;16.08.2013;16:53:03;0:02:48;"Долгота=38° 59' 35.10"" Широта=45° 13' 33.85""";
103;16.08.2013;16:55:09;16.08.2013;16:58:46;0:03:37;"Долгота=38° 59' 45.35"" Широта=45° 13' 35.23""";
104;16.08.2013;17:40:36;16.08.2013;17:42:59;0:02:23;"Долгота=39° 11' 31.14"" Широта=45° 15' 02.18""";
105;16.08.2013;17:44:57;16.08.2013;17:47:14;0:02:17;"Долгота=39° 11' 03.85"" Широта=45° 14' 59.78""";
106;16.08.2013;17:47:58;16.08.2013;17:53:34;0:05:36;"Долгота=39° 10' 55.28"" Широта=45° 14' 57.03""";
107;16.08.2013;17:54:34;16.08.2013;18:13:38;0:19:04;Точка №3 тупичёк за озером.;
108;16.08.2013;18:41:00;16.08.2013;19:10:44;0:29:44;Хоз двор. Место где находится гараж.;
109;16.08.2013;19:15:10;16.08.2013;19:22:02;0:06:52;"Долгота=38° 59' 07.51"" Широта=45° 14' 20.08""";
110;16.08.2013;19:22:48;16.08.2013;19:34:32;0:11:44;"Долгота=38° 59' 05.03"" Широта=45° 14' 25.68""";
111;16.08.2013;19:35:53;16.08.2013;19:40:27;0:04:34;"Долгота=38° 59' 01.79"" Широта=45° 14' 33.70""";
112;16.08.2013;19:40:53;16.08.2013;20:10:43;0:29:50;"Долгота=38° 58' 59.88"" Широта=45° 14' 37.66""";
113;16.08.2013;20:11:38;16.08.2013;20:15:00;0:03:22;"Долгота=38° 58' 58.83"" Широта=45° 14' 42.06""";
114;16.08.2013;20:15:04;16.08.2013;20:16:27;0:01:23;"Долгота=38° 58' 58.38"" Широта=45° 14' 44.26""";
115;16.08.2013;20:16:30;16.08.2013;20:21:34;0:05:04;"Долгота=38° 58' 58.16"" Широта=45° 14' 45.02""";
116;16.08.2013;20:21:48;16.08.2013;20:26:53;0:05:05;"Долгота=38° 58' 57.42"" Широта=45° 14' 48.20""";
117;16.08.2013;20:27:40;16.08.2013;20:29:44;0:02:04;"Долгота=38° 58' 56.06"" Широта=45° 14' 53.24""";
118;16.08.2013;20:29:51;16.08.2013;20:32:32;0:02:41;"Долгота=38° 58' 55.59"" Широта=45° 14' 55.14""";
119;16.08.2013;20:36:04;16.08.2013;20:37:30;0:01:26;"Долгота=39° 00' 11.78"" Широта=45° 15' 07.51""";
120;16.08.2013;20:37:43;16.08.2013;20:39:38;0:01:55;"Долгота=39° 00' 12.81"" Широта=45° 15' 04.66""";
121;16.08.2013;20:40:30;16.08.2013;20:42:14;0:01:44;"Долгота=39° 00' 13.83"" Широта=45° 15' 01.21""";
122;16.08.2013;20:43:32;16.08.2013;20:45:25;0:01:53;"Долгота=39° 00' 15.92"" Широта=45° 14' 54.95""";
123;16.08.2013;20:46:51;16.08.2013;20:49:53;0:03:02;"Долгота=39° 00' 17.85"" Широта=45° 14' 49.18""";
124;16.08.2013;20:51:55;16.08.2013;20:52:56;0:01:01;"Долгота=39° 00' 21.57"" Широта=45° 14' 39.88""";
125;16.08.2013;20:53:08;16.08.2013;20:54:56;0:01:48;"Долгота=39° 00' 22.11"" Широта=45° 14' 37.62""";
126;16.08.2013;21:02:28;16.08.2013;21:07:32;0:05:04;"Долгота=38° 57' 09.71"" Широта=45° 13' 58.98""";
127;16.08.2013;21:09:32;16.08.2013;21:16:21;0:06:49;"Долгота=38° 57' 15.70"" Широта=45° 13' 57.75""";
128;16.08.2013;21:43:54;16.08.2013;21:49:17;0:05:23;"Долгота=39° 11' 06.97"" Широта=45° 13' 58.12""";
129;16.08.2013;21:54:34;16.08.2013;21:56:01;0:01:27;"Долгота=39° 11' 31.34"" Широта=45° 15' 02.46""";
130;16.08.2013;21:58:14;16.08.2013;22:09:09;0:10:55;"Долгота=39° 11' 03.86"" Широта=45° 14' 59.88""";
131;16.08.2013;22:10:37;16.08.2013;22:15:44;0:05:07;"Долгота=39° 10' 53.48"" Широта=45° 14' 56.90""";
132;16.08.2013;22:38:32;16.08.2013;22:47:21;0:08:49;"Долгота=39° 00' 44.27"" Широта=45° 14' 16.77""";
133;16.08.2013;22:54:10;16.08.2013;23:11:39;0:17:29;"Долгота=39° 00' 30.50"" Широта=45° 15' 13.46""";
134;16.08.2013;23:13:03;16.08.2013;23:17:23;0:04:20;"Долгота=39° 00' 25.80"" Широта=45° 15' 05.95""";
135;16.08.2013;23:31:56;17.08.2013;00:17:31;0:45:35;"Долгота=38° 59' 00.00"" Широта=45° 14' 37.51""";
136;17.08.2013;00:21:23;17.08.2013;00:32:57;0:11:34;Хоз двор. Место где находится гараж.;
137;17.08.2013;00:40:41;17.08.2013;00:46:03;0:05:22;"Долгота=39° 00' 23.21"" Широта=45° 14' 33.51""";
138;17.08.2013;00:46:15;17.08.2013;00:48:41;0:02:26;"Долгота=39° 00' 23.70"" Широта=45° 14' 29.29""";
139;17.08.2013;00:49:00;17.08.2013;00:50:09;0:01:09;"Долгота=39° 00' 24.72"" Широта=45° 14' 24.61""";
140;17.08.2013;00:50:12;17.08.2013;00:53:51;0:03:39;"Долгота=39° 00' 24.91"" Широта=45° 14' 22.50""";
141;17.08.2013;00:54:03;17.08.2013;00:56:11;0:02:08;"Долгота=39° 00' 25.14"" Широта=45° 14' 19.14""";
142;17.08.2013;00:57:10;17.08.2013;01:01:28;0:04:18;"Долгота=39° 00' 25.97"" Широта=45° 14' 12.11""";
143;17.08.2013;01:01:34;17.08.2013;01:02:50;0:01:16;"Долгота=39° 00' 26.52"" Широта=45° 14' 09.87""";
144;17.08.2013;01:04:47;17.08.2013;01:06:22;0:01:35;"Долгота=39° 00' 33.27"" Широта=45° 14' 04.20""";
145;17.08.2013;01:07:16;17.08.2013;01:22:29;0:15:13;"Долгота=39° 00' 26.16"" Широта=45° 14' 07.66""";
146;17.08.2013;01:22:59;17.08.2013;01:31:37;0:08:38;Точка №1 ул. Набережная.;
147;17.08.2013;01:35:54;17.08.2013;01:43:26;0:07:32;"Долгота=39° 00' 20.17"" Широта=45° 14' 42.00""";
148;17.08.2013;01:46:03;17.08.2013;01:48:57;0:02:54;"Долгота=39° 00' 16.60"" Широта=45° 14' 53.53""";
149;17.08.2013;01:49:34;17.08.2013;02:01:32;0:11:58;Точка №2 ул.Привокзальная.;
150;17.08.2013;02:02:26;17.08.2013;02:08:16;0:05:50;"Долгота=39° 00' 12.63"" Широта=45° 15' 05.07""";
151;17.08.2013;02:08:32;17.08.2013;02:12:10;0:03:38;"Долгота=39° 00' 11.60"" Широта=45° 15' 07.94""";
152;17.08.2013;02:21:14;17.08.2013;02:29:27;0:08:13;"Долгота=38° 58' 44.54"" Широта=45° 14' 14.21""";
153;17.08.2013;02:34:21;17.08.2013;02:35:39;0:01:18;"Долгота=38° 59' 14.01"" Широта=45° 13' 31.07""";
154;17.08.2013;02:36:57;17.08.2013;02:40:08;0:03:11;"Долгота=38° 59' 21.82"" Широта=45° 13' 31.97""";
155;17.08.2013;02:40:28;17.08.2013;02:43:27;0:02:59;"Долгота=38° 59' 26.97"" Широта=45° 13' 32.51""";
156;17.08.2013;02:45:27;17.08.2013;02:47:01;0:01:34;"Долгота=38° 59' 32.52"" Широта=45° 13' 33.33""";
157;17.08.2013;02:47:05;17.08.2013;02:49:53;0:02:48;"Долгота=38° 59' 35.10"" Широта=45° 13' 33.85""";
158;17.08.2013;02:51:59;17.08.2013;02:55:36;0:03:37;"Долгота=38° 59' 45.35"" Широта=45° 13' 35.23""";
159;17.08.2013;03:37:26;17.08.2013;03:39:49;0:02:23;"Долгота=39° 11' 31.14"" Широта=45° 15' 02.18""";
160;17.08.2013;03:41:47;17.08.2013;03:44:04;0:02:17;"Долгота=39° 11' 03.85"" Широта=45° 14' 59.78""";
161;17.08.2013;03:44:48;17.08.2013;03:50:24;0:05:36;"Долгота=39° 10' 55.28"" Широта=45° 14' 57.03""";
162;17.08.2013;03:51:24;17.08.2013;03:55:24;0:04:00;Точка №3 тупичёк за озером.;
163;17.08.2013;04:01:24;17.08.2013;04:10:28;0:09:04;Точка №3 тупичёк за озером.;
164;17.08.2013;04:37:50;17.08.2013;05:07:34;0:29:44;Хоз двор. Место где находится гараж.;
165;17.08.2013;05:12:00;17.08.2013;05:18:52;0:06:52;"Долгота=38° 59' 07.51"" Широта=45° 14' 20.08""";
166;17.08.2013;05:19:38;17.08.2013;05:31:22;0:11:44;"Долгота=38° 59' 05.03"" Широта=45° 14' 25.68""";
167;17.08.2013;05:32:43;17.08.2013;05:37:17;0:04:34;"Долгота=38° 59' 01.79"" Широта=45° 14' 33.70""";
168;17.08.2013;05:37:43;17.08.2013;06:07:33;0:29:50;"Долгота=38° 58' 59.88"" Широта=45° 14' 37.66""";
169;17.08.2013;06:08:28;17.08.2013;06:11:50;0:03:22;"Долгота=38° 58' 58.83"" Широта=45° 14' 42.06""";
170;17.08.2013;06:11:54;17.08.2013;06:13:17;0:01:23;"Долгота=38° 58' 58.38"" Широта=45° 14' 44.26""";
171;17.08.2013;06:13:20;17.08.2013;06:18:24;0:05:04;"Долгота=38° 58' 58.16"" Широта=45° 14' 45.02""";
172;17.08.2013;06:18:38;17.08.2013;06:23:43;0:05:05;"Долгота=38° 58' 57.42"" Широта=45° 14' 48.20""";
173;17.08.2013;06:24:30;17.08.2013;06:26:34;0:02:04;"Долгота=38° 58' 56.06"" Широта=45° 14' 53.24""";
174;17.08.2013;06:26:41;17.08.2013;06:29:22;0:02:41;"Долгота=38° 58' 55.59"" Широта=45° 14' 55.14""";
175;17.08.2013;06:32:54;17.08.2013;06:34:20;0:01:26;"Долгота=39° 00' 11.78"" Широта=45° 15' 07.51""";
176;17.08.2013;06:34:33;17.08.2013;06:36:28;0:01:55;"Долгота=39° 00' 12.81"" Широта=45° 15' 04.66""";
177;17.08.2013;06:37:20;17.08.2013;06:39:04;0:01:44;"Долгота=39° 00' 13.83"" Широта=45° 15' 01.21""";
178;17.08.2013;06:40:22;17.08.2013;06:42:15;0:01:53;"Долгота=39° 00' 15.92"" Широта=45° 14' 54.95""";
179;17.08.2013;06:43:41;17.08.2013;06:46:43;0:03:02;"Долгота=39° 00' 17.85"" Широта=45° 14' 49.18""";
180;17.08.2013;06:48:45;17.08.2013;06:49:46;0:01:01;"Долгота=39° 00' 21.57"" Широта=45° 14' 39.88""";
181;17.08.2013;06:49:58;17.08.2013;06:51:46;0:01:48;"Долгота=39° 00' 22.11"" Широта=45° 14' 37.62""";
182;17.08.2013;06:59:18;17.08.2013;07:04:22;0:05:04;"Долгота=38° 57' 09.71"" Широта=45° 13' 58.98""";
183;17.08.2013;07:06:22;17.08.2013;07:13:11;0:06:49;"Долгота=38° 57' 15.70"" Широта=45° 13' 57.75""";
184;17.08.2013;07:40:44;17.08.2013;07:46:07;0:05:23;"Долгота=39° 11' 06.97"" Широта=45° 13' 58.12""";
185;17.08.2013;07:51:24;17.08.2013;07:52:51;0:01:27;"Долгота=39° 11' 31.34"" Широта=45° 15' 02.46""";
186;17.08.2013;07:55:04;17.08.2013;08:05:59;0:10:55;"Долгота=39° 11' 03.86"" Широта=45° 14' 59.88""";
187;17.08.2013;08:07:27;17.08.2013;08:12:34;0:05:07;"Долгота=39° 10' 53.48"" Широта=45° 14' 56.90""";
188;17.08.2013;08:35:22;17.08.2013;08:44:11;0:08:49;"Долгота=39° 00' 44.27"" Широта=45° 14' 16.77""";
189;17.08.2013;08:51:00;17.08.2013;09:08:29;0:17:29;"Долгота=39° 00' 30.50"" Широта=45° 15' 13.46""";
190;17.08.2013;09:09:53;17.08.2013;09:14:13;0:04:20;"Долгота=39° 00' 25.80"" Широта=45° 15' 05.95""";
191;17.08.2013;09:28:46;17.08.2013;10:14:21;0:45:35;"Долгота=38° 59' 00.00"" Широта=45° 14' 37.51""";
192;17.08.2013;10:18:13;17.08.2013;10:29:47;0:11:34;Хоз двор. Место где находится гараж.;
193;17.08.2013;10:37:31;17.08.2013;10:42:53;0:05:22;"Долгота=39° 00' 23.21"" Широта=45° 14' 33.51""";
194;17.08.2013;10:43:05;17.08.2013;10:45:31;0:02:26;"Долгота=39° 00' 23.70"" Широта=45° 14' 29.29""";
195;17.08.2013;10:45:50;17.08.2013;10:46:59;0:01:09;"Долгота=39° 00' 24.72"" Широта=45° 14' 24.61""";
196;17.08.2013;10:47:02;17.08.2013;10:50:41;0:03:39;"Долгота=39° 00' 24.91"" Широта=45° 14' 22.50""";
197;17.08.2013;10:50:53;17.08.2013;10:53:01;0:02:08;"Долгота=39° 00' 25.14"" Широта=45° 14' 19.14""";
198;17.08.2013;10:54:00;17.08.2013;10:58:18;0:04:18;"Долгота=39° 00' 25.97"" Широта=45° 14' 12.11""";
199;17.08.2013;10:58:24;17.08.2013;10:59:40;0:01:16;"Долгота=39° 00' 26.52"" Широта=45° 14' 09.87""";
200;17.08.2013;11:01:37;17.08.2013;11:03:12;0:01:35;"Долгота=39° 00' 33.27"" Широта=45° 14' 04.20""";
201;17.08.2013;11:04:06;17.08.2013;11:19:19;0:15:13;"Долгота=39° 00' 26.16"" Широта=45° 14' 07.66""";
202;17.08.2013;11:19:49;17.08.2013;11:28:27;0:08:38;Точка №1 ул. Набережная.;
203;17.08.2013;11:32:44;17.08.2013;11:40:16;0:07:32;"Долгота=39° 00' 20.17"" Широта=45° 14' 42.00""";
204;17.08.2013;11:42:53;17.08.2013;11:45:47;0:02:54;"Долгота=39° 00' 16.60"" Широта=45° 14' 53.53""";
205;17.08.2013;11:46:24;17.08.2013;11:58:22;0:11:58;Точка №2 ул.Привокзальная.;
206;17.08.2013;11:59:16;17.08.2013;12:05:06;0:05:50;"Долгота=39° 00' 12.63"" Широта=45° 15' 05.07""";
207;17.08.2013;12:05:22;17.08.2013;12:09:00;0:03:38;"Долгота=39° 00' 11.60"" Широта=45° 15' 07.94""";
208;17.08.2013;12:18:04;17.08.2013;12:26:17;0:08:13;"Долгота=38° 58' 44.54"" Широта=45° 14' 14.21""";
209;17.08.2013;12:31:11;17.08.2013;12:32:29;0:01:18;"Долгота=38° 59' 14.01"" Широта=45° 13' 31.07""";
210;17.08.2013;12:33:47;17.08.2013;12:36:58;0:03:11;"Долгота=38° 59' 21.82"" Широта=45° 13' 31.97""";
211;17.08.2013;12:37:18;17.08.2013;12:40:17;0:02:59;"Долгота=38° 59' 26.97"" Широта=45° 13' 32.51""";
212;17.08.2013;12:42:17;17.08.2013;12:43:51;0:01:34;"Долгота=38° 59' 32.52"" Широта=45° 13' 33.33""";
213;17.08.2013;12:43:55;17.08.2013;12:46:43;0:02:48;"Долгота=38° 59' 35.10"" Широта=45° 13' 33.85""";
214;17.08.2013;12:48:49;17.08.2013;12:52:26;0:03:37;"Долгота=38° 59' 45.35"" Широта=45° 13' 35.23""";
215;17.08.2013;13:34:16;17.08.2013;13:36:39;0:02:23;"Долгота=39° 11' 31.14"" Широта=45° 15' 02.18""";
216;17.08.2013;13:38:37;17.08.2013;13:40:54;0:02:17;"Долгота=39° 11' 03.85"" Широта=45° 14' 59.78""";
217;17.08.2013;13:41:38;17.08.2013;13:47:14;0:05:36;"Долгота=39° 10' 55.28"" Широта=45° 14' 57.03""";
218;17.08.2013;13:48:14;17.08.2013;14:07:18;0:19:04;Точка №3 тупичёк за озером.;
219;17.08.2013;14:34:40;17.08.2013;15:04:24;0:29:44;Хоз двор. Место где находится гараж.;
220;17.08.2013;15:08:50;17.08.2013;15:15:42;0:06:52;"Долгота=38° 59' 07.51"" Широта=45° 14' 20.08""";
221;17.08.2013;15:16:28;17.08.2013;15:28:12;0:11:44;"Долгота=38° 59' 05.03"" Широта=45° 14' 25.68""";
222;17.08.2013;15:29:33;17.08.2013;15:34:07;0:04:34;"Долгота=38° 59' 01.79"" Широта=45° 14' 33.70""";
223;17.08.2013;15:34:33;17.08.2013;16:04:23;0:29:50;"Долгота=38° 58' 59.88"" Широта=45° 14' 37.66""";
224;17.08.2013;16:05:18;17.08.2013;16:08:40;0:03:22;"Долгота=38° 58' 58.83"" Широта=45° 14' 42.06""";
225;17.08.2013;16:08:44;17.08.2013;16:10:07;0:01:23;"Долгота=38° 58' 58.38"" Широта=45° 14' 44.26""";
226;17.08.2013;16:10:10;17.08.2013;16:15:14;0:05:04;"Долгота=38° 58' 58.16"" Широта=45° 14' 45.02""";
227;17.08.2013;16:15:28;17.08.2013;16:20:33;0:05:05;"Долгота=38° 58' 57.42"" Широта=45° 14' 48.20""";
228;17.08.2013;16:21:20;17.08.2013;16:23:24;0:02:04;"Долгота=38° 58' 56.06"" Широта=45° 14' 53.24""";
229;17.08.2013;16:23:31;17.08.2013;16:26:12;0:02:41;"Долгота=38° 58' 55.59"" Широта=45° 14' 55.14""";
230;17.08.2013;16:29:44;17.08.2013;16:31:10;0:01:26;"Долгота=39° 00' 11.78"" Широта=45° 15' 07.51""";
231;17.08.2013;16:31:23;17.08.2013;16:33:18;0:01:55;"Долгота=39° 00' 12.81"" Широта=45° 15' 04.66""";
232;17.08.2013;16:34:10;17.08.2013;16:35:54;0:01:44;"Долгота=39° 00' 13.83"" Широта=45° 15' 01.21""";
233;17.08.2013;16:37:12;17.08.2013;16:39:05;0:01:53;"Долгота=39° 00' 15.92"" Широта=45° 14' 54.95""";
234;17.08.2013;16:40:31;17.08.2013;16:43:33;0:03:02;"Долгота=39° 00' 17.85"" Широта=45° 14' 49.18""";
235;17.08.2013;16:45:35;17.08.2013;16:46:36;0:01:01;"Долгота=39° 00' 21.57"" Широта=45° 14' 39.88""";
236;17.08.2013;16:46:48;17.08.2013;16:48:36;0:01:48;"Долгота=39° 00' 22.11"" Широта=45° 14' 37.62""";
237;17.08.2013;16:56:08;17.08.2013;17:01:12;0:05:04;"Долгота=38° 57' 09.71"" Широта=45° 13' 58.98""";
238;17.08.2013;17:03:12;17.08.2013;17:10:01;0:06:49;"Долгота=38° 57' 15.70"" Широта=45° 13' 57.75""";
239;17.08.2013;17:37:34;17.08.2013;17:42:57;0:05:23;"Долгота=39° 11' 06.97"" Широта=45° 13' 58.12""";
240;17.08.2013;17:48:14;17.08.2013;17:49:41;0:01:27;"Долгота=39° 11' 31.34"" Широта=45° 15' 02.46""";
241;17.08.2013;17:51:54;17.08.2013;18:02:49;0:10:55;"Долгота=39° 11' 03.86"" Широта=45° 14' 59.88""";
242;17.08.2013;18:04:17;17.08.2013;18:09:24;0:05:07;"Долгота=39° 10' 53.48"" Широта=45° 14' 56.90""";
243;17.08.2013;18:32:12;17.08.2013;18:41:01;0:08:49;"Долгота=39° 00' 44.27"" Широта=45° 14' 16.77""";
244;17.08.2013;18:47:50;17.08.2013;19:05:19;0:17:29;"Долгота=39° 00' 30.50"" Широта=45° 15' 13.46""";
245;17.08.2013;19:06:43;17.08.2013;19:11:03;0:04:20;"Долгота=39° 00' 25.80"" Широта=45° 15' 05.95""";
246;17.08.2013;19:25:36;17.08.2013;20:11:11;0:45:35;"Долгота=38° 59' 00.00"" Широта=45° 14' 37.51""";
247;17.08.2013;20:15:03;17.08.2013;20:26:37;0:11:34;Хоз двор. Место где находится гараж.;
248;17.08.2013;20:34:21;17.08.2013;20:39:43;0:05:22;"Долгота=39° 00' 23.21"" Широта=45° 14' 33.51""";
249;17.08.2013;20:39:55;17.08.2013;20:42:21;0:02:26;"Долгота=39° 00' 23.70"" Широта=45° 14' 29.29""";
250;17.08.2013;20:42:40;17.08.2013;20:43:49;0:01:09;"Долгота=39° 00' 24.72"" Широта=45° 14' 24.61""";
251;17.08.2013;20:43:52;17.08.2013;20:47:31;0:03:39;"Долгота=39° 00' 24.91"" Широта=45° 14' 22.50""";
252;17.08.2013;20:47:43;17.08.2013;20:49:51;0:02:08;"Долгота=39° 00' 25.14"" Широта=45° 14' 19.14""";
253;17.08.2013;20:50:50;17.08.2013;20:55:08;0:04:18;"Долгота=39° 00' 25.97"" Широта=45° 14' 12.11""";
254;17.08.2013;20:55:14;17.08.2013;20:56:30;0:01:16;"Долгота=39° 00' 26.52"" Широта=45° 14' 09.87""";
255;17.08.2013;20:58:27;17.08.2013;21:00:02;0:01:35;"Долгота=39° 00' 33.27"" Широта=45° 14' 04.20""";
256;17.08.2013;21:00:56;17.08.2013;21:16:09;0:15:13;"Долгота=39° 00' 26.16"" Широта=45° 14' 07.66""";
257;17.08.2013;21:16:39;17.08.2013;21:25:17;0:08:38;Точка №1 ул. Набережная.;
258;17.08.2013;21:29:34;17.08.2013;21:37:06;0:07:32;"Долгота=39° 00' 20.17"" Широта=45° 14' 42.00""";
259;17.08.2013;21:39:43;17.08.2013;21:42:37;0:02:54;"Долгота=39° 00' 16.60"" Широта=45° 14' 53.53""";
260;17.08.2013;21:43:14;17.08.2013;21:55:12;0:11:58;Точка №2 ул.Привокзальная.;
261;17.08.2013;21:56:06;17.08.2013;22:01:56;0:05:50;"Долгота=39° 00' 12.63"" Широта=45° 15' 05.07""";
262;17.08.2013;22:02:12;17.08.2013;22:05:50;0:03:38;"Долгота=39° 00' 11.60"" Широта=45° 15' 07.94""";
263;17.08.2013;22:14:54;17.08.2013;22:23:07;0:08:13;"Долгота=38° 58' 44.54"" Широта=45° 14' 14.21""";
264;17.08.2013;22:28:01;17.08.2013;22:29:19;0:01:18;"Долгота=38° 59' 14.01"" Широта=45° 13' 31.07""";
265;17.08.2013;22:30:37;17.08.2013;22:33:48;0:03:11;"Долгота=38° 59' 21.82"" Широта=45° 13' 31.97""";
266;17.08.2013;22:34:08;17.08.2013;22:37:07;0:02:59;"Долгота=38° 59' 26.97"" Широта=45° 13' 32.51""";
267;17.08.2013;22:39:07;17.08.2013;22:40:41;0:01:34;"Долгота=38° 59' 32.52"" Широта=45° 13' 33.33""";
268;17.08.2013;22:40:45;17.08.2013;22:43:33;0:02:48;"Долгота=38° 59' 35.10"" Широта=45° 13' 33.85""";
269;17.08.2013;22:45:39;17.08.2013;22:49:16;0:03:37;"Долгота=38° 59' 45.35"" Широта=45° 13' 35.23""";
270;17.08.2013;23:31:06;17.08.2013;23:33:29;0:02:23;"Долгота=39° 11' 31.14"" Широта=45° 15' 02.18""";
271;17.08.2013;23:35:27;17.08.2013;23:37:44;0:02:17;"Долгота=39° 11' 03.85"" Широта=45° 14' 59.78""";
272;17.08.2013;23:38:28;17.08.2013;23:44:04;0:05:36;"Долгота=39° 10' 55.28"" Широта=45° 14' 57.03""";
273;17.08.2013;23:45:04;18.08.2013;00:04:08;0:19:04;Точка №3 тупичёк за озером.;
274;18.08.2013;00:31:30;18.08.2013;01:01:14;0:29:44;Хоз двор. Место где находится гараж.;
275;18.08.2013;01:05:40;18.08.2013;01:12:32;0:06:52;"Долгота=38° 59' 07.51"" Широта=45° 14' 20.08""";
276;18.08.2013;01:13:18;18.08.2013;01:25:02;0:11:44;"Долгота=38° 59' 05.03"" Широта=45° 14' 25.68""";
277;18.08.2013;01:26:23;18.08.2013;01:30:57;0:04:34;"Долгота=38° 59' 01.79"" Широта=45° 14' 33.70""";
278;18.08.2013;01:31:23;18.08.2013;02:01:13;0:29:50;"Долгота=38° 58' 59.88"" Широта=45° 14' 37.66""";
279;18.08.2013;02:02:08;18.08.2013;02:05:30;0:03:22;"Долгота=38° 58' 58.83"" Широта=45° 14' 42.06""";
280;18.08.2013;02:05:34;18.08.2013;02:06:57;0:01:23;"Долгота=38° 58' 58.38"" Широта=45° 14' 44.26""";
281;18.08.2013;02:07:00;18.08.2013;02:12:04;0:05:04;"Долгота=38° 58' 58.16"" Широта=45° 14' 45.02""";
282;18.08.2013;02:12:18;18.08.2013;02:17:23;0:05:05;"Долгота=38° 58' 57.42"" Широта=45° 14' 48.20""";
283;18.08.2013;02:18:10;18.08.2013;02:20:14;0:02:04;"Долгота=38° 58' 56.06"" Широта=45° 14' 53.24""";
284;18.08.2013;02:20:21;18.08.2013;02:23:02;0:02:41;"Долгота=38° 58' 55.59"" Широта=45° 14' 55.14""";
285;18.08.2013;02:26:34;18.08.2013;02:28:00;0:01:26;"Долгота=39° 00' 11.78"" Широта=45° 15' 07.51""";
286;18.08.2013;02:28:13;18.08.2013;02:30:08;0:01:55;"Долгота=39° 00' 12.81"" Широта=45° 15' 04.66""";
287;18.08.2013;02:31:00;18.08.2013;02:32:44;0:01:44;"Долгота=39° 00' 13.83"" Широта=45° 15' 01.21""";
288;18.08.2013;02:34:02;18.08.2013;02:35:55;0:01:53;"Долгота=39° 00' 15.92"" Широта=45° 14' 54.95""";
289;18.08.2013;02:37:21;18.08.2013;02:40:23;0:03:02;"Долгота=39° 00' 17.85"" Широта=45° 14' 49.18""";
290;18.08.2013;02:42:25;18.08.2013;02:43:26;0:01:01;"Долгота=39° 00' 21.57"" Широта=45° 14' 39.88""";
291;18.08.2013;02:43:38;18.08.2013;02:45:26;0:01:48;"Долгота=39° 00' 22.11"" Широта=45° 14' 37.62""";
292;18.08.2013;02:52:58;18.08.2013;02:58:02;0:05:04;"Долгота=38° 57' 09.71"" Широта=45° 13' 58.98""";
293;18.08.2013;03:00:02;18.08.2013;03:06:51;0:06:49;"Долгота=38° 57' 15.70"" Широта=45° 13' 57.75""";
294;18.08.2013;03:34:24;18.08.2013;03:39:47;0:05:23;"Долгота=39° 11' 06.97"" Широта=45° 13' 58.12""";
295;18.08.2013;03:45:04;18.08.2013;03:46:31;0:01:27;"Долгота=39° 11' 31.34"" Широта=45° 15' 02.46""";
296;18.08.2013;03:48:44;18.08.2013;03:58:44;0:10:00;"Долгота=39° 11' 03.86"" Широта=45° 14' 59.88""";
297;18.08.2013;04:01:07;18.08.2013;04:06:14;0:05:07;"Долгота=39° 10' 53.48"" Широта=45° 14' 56.90""";
298;18.08.2013;04:29:02;18.08.2013;04:37:51;0:08:49;"Долгота=39° 00' 44.27"" Широта=45° 14' 16.77""";
299;18.08.2013;04:44:40;18.08.2013;05:02:09;0:17:29;"Долгота=39° 00' 30.50"" Широта=45° 15' 13.46""";
300;18.08.2013;05:03:33;18.08.2013;05:07:53;0:04:20;"Долгота=39° 00' 25.80"" Широта=45° 15' 05.95""";
301;18.08.2013;05:22:26;18.08.2013;06:08:01;0:45:35;"Долгота=38° 59' 00.00"" Широта=45° 14' 37.51""";
302;18.08.2013;06:11:53;18.08.2013;06:23:27;0:11:34;Хоз двор. Место где находится гараж.;
303;18.08.2013;06:31:11;18.08.2013;06:36:33;0:05:22;"Долгота=39° 00' 23.21"" Широта=45° 14' 33.51""";
304;18.08.2013;06:36:45;18.08.2013;06:39:11;0:02:26;"Долгота=39° 00' 23.70"" Широта=45° 14' 29.29""";
305;18.08.2013;06:39:30;18.08.2013;06:40:39;0:01:09;"Долгота=39° 00' 24.72"" Широта=45° 14' 24.61""";
306;18.08.2013;06:40:42;18.08.2013;06:44:21;0:03:39;"Долгота=39° 00' 24.91"" Широта=45° 14' 22.50""";
307;18.08.2013;06:44:33;18.08.2013;06:46:41;0:02:08;"Долгота=39° 00' 25.14"" Широта=45° 14' 19.14""";
308;18.08.2013;06:47:40;18.08.2013;06:51:58;0:04:18;"Долгота=39° 00' 25.97"" Широта=45° 14' 12.11""";
309;18.08.2013;06:52:04;18.08.2013;06:53:20;0:01:16;"Долгота=39° 00' 26.52"" Широта=45° 14' 09.87""";
310;18.08.2013;06:55:17;18.08.2013;06:56:52;0:01:35;"Долгота=39° 00' 33.27"" Широта=45° 14' 04.20""";
311;18.08.2013;06:57:46;18.08.2013;07:12:59;0:15:13;"Долгота=39° 00' 26.16"" Широта=45° 14' 07.66""";
312;18.08.2013;07:13:29;18.08.2013;07:22:07;0:08:38;Точка №1 ул. Набережная.;
313;18.08.2013;07:26:24;18.08.2013;07:33:56;0:07:32;"Долгота=39° 00' 20.17"" Широта=45° 14' 42.00""";
314;18.08.2013;07:36:33;18.08.2013;07:39:27;0:02:54;"Долгота=39° 00' 16.60"" Широта=45° 14' 53.53""";
315;18.08.2013;07:40:04;18.08.2013;07:52:02;0:11:58;Точка №2 ул.Привокзальная.;
316;18.08.2013;07:52:56;18.08.2013;07:58:46;0:05:50;"Долгота=39° 00' 12.63"" Широта=45° 15' 05.07""";
317;18.08.2013;07:59:02;18.08.2013;08:02:40;0:03:38;"Долгота=39° 00' 11.60"" Широта=45° 15' 07.94""";
318;18.08.2013;08:11:44;18.08.2013;08:19:57;0:08:13;"Долгота=38° 58' 44.54"" Широта=45° 14' 14.21""";
319;18.08.2013;08:24:51;18.08.2013;08:26:09;0:01:18;"Долгота=38° 59' 14.01"" Широта=45° 13' 31.07""";
320;18.08.2013;08:27:27;18.08.2013;08:30:38;0:03:11;"Долгота=38° 59' 21.82"" Широта=45° 13' 31.97""";
321;18.08.2013;08:30:58;18.08.2013;08:33:57;0:02:59;"Долгота=38° 59' 26.97"" Широта=45° 13' 32.51""";
322;18.08.2013;08:35:57;18.08.2013;08:37:31;0:01:34;"Долгота=38° 59' 32.52"" Широта=45° 13' 33.33""";
323;18.08.2013;08:37:35;18.08.2013;08:40:23;0:02:48;"Долгота=38° 59' 35.10"" Широта=45° 13' 33.85""";
324;18.08.2013;08:42:29;18.08.2013;08:46:06;0:03:37;"Долгота=38° 59' 45.35"" Широта=45° 13' 35.23""";
325;18.08.2013;09:27:56;18.08.2013;09:30:19;0:02:23;"Долгота=39° 11' 31.14"" Широта=45° 15' 02.18""";
326;18.08.2013;09:32:17;18.08.2013;09:34:34;0:02:17;"Долгота=39° 11' 03.85"" Широта=45° 14' 59.78""";
327;18.08.2013;09:35:18;18.08.2013;09:40:54;0:05:36;"Долгота=39° 10' 55.28"" Широта=45° 14' 57.03""";
328;18.08.2013;09:41:54;18.08.2013;10:00:58;0:19:04;Точка №3 тупичёк за озером.;
329;18.08.2013;10:28:20;18.08.2013;10:58:04;0:29:44;Хоз двор. Место где находится гараж.;
330;18.08.2013;11:02:30;18.08.2013;11:09:22;0:06:52;"Долгота=38° 59' 07.51"" Широта=45° 14' 20.08""";
331;18.08.2013;11:10:08;18.08.2013;11:21:52;0:11:44;"Долгота=38° 59' 05.03"" Широта=45° 14' 25.68""";
332;18.08.2013;11:23:13;18.08.2013;11:27:47;0:04:34;"Долгота=38° 59' 01.79"" Широта=45° 14' 33.70""";
333;18.08.2013;11:28:13;18.08.2013;11:58:03;0:29:50;"Долгота=38° 58' 59.88"" Широта=45° 14' 37.66""";
334;18.08.2013;11:58:58;18.08.2013;12:02:20;0:03:22;"Долгота=38° 58' 58.83"" Широта=45° 14' 42.06""";
335;18.08.2013;12:02:24;18.08.2013;12:03:47;0:01:23;"Долгота=38° 58' 58.38"" Широта=45° 14' 44.26""";
336;18.08.2013;12:03:50;18.08.2013;12:08:54;0:05:04;"Долгота=38° 58' 58.16"" Широта=45° 14' 45.02""";
337;18.08.2013;12:09:08;18.08.2013;12:14:13;0:05:05;"Долгота=38° 58' 57.42"" Широта=45° 14' 48.20""";
338;18.08.2013;12:15:00;18.08.2013;12:17:04;0:02:04;"Долгота=38° 58' 56.06"" Широта=45° 14' 53.24""";
339;18.08.2013;12:17:11;18.08.2013;12:19:52;0:02:41;"Долгота=38° 58' 55.59"" Широта=45° 14' 55.14""";
340;18.08.2013;12:23:24;18.08.2013;12:24:50;0:01:26;"Долгота=39° 00' 11.78"" Широта=45° 15' 07.51""";
341;18.08.2013;12:25:03;18.08.2013;12:26:58;0:01:55;"Долгота=39° 00' 12.81"" Широта=45° 15' 04.66""";
342;18.08.2013;12:27:50;18.08.2013;12:29:34;0:01:44;"Долгота=39° 00' 13.83"" Широта=45° 15' 01.21""";
343;18.08.2013;12:30:52;18.08.2013;12:32:45;0:01:53;"Долгота=39° 00' 15.92"" Широта=45° 14' 54.95""";
344;18.08.2013;12:34:11;18.08.2013;12:37:13;0:03:02;"Долгота=39° 00' 17.85"" Широта=45° 14' 49.18""";
345;18.08.2013;12:39:15;18.08.2013;12:40:16;0:01:01;"Долгота=39° 00' 21.57"" Широта=45° 14' 39.88""";
346;18.08.2013;12:40:28;18.08.2013;12:42:16;0:01:48;"Долгота=39° 00' 22.11"" Широта=45° 14' 37.62""";
347;18.08.2013;12:49:48;18.08.2013;12:54:52;0:05:04;"Долгота=38° 57' 09.71"" Широта=45° 13' 58.98""";
348;18.08.2013;12:56:52;18.08.2013;13:03:41;0:06:49;"Долгота=38° 57' 15.70"" Широта=45° 13' 57.75""";
349;18.08.2013;13:31:14;18.08.2013;13:36:37;0:05:23;"Долгота=39° 11' 06.97"" Широта=45° 13' 58.12""";
350;18.08.2013;13:41:54;18.08.2013;13:43:21;0:01:27;"Долгота=39° 11' 31.34"" Широта=45° 15' 02.46""";
351;18.08.2013;13:45:34;18.08.2013;13:56:29;0:10:55;"Долгота=39° 11' 03.86"" Широта=45° 14' 59.88""";
352;18.08.2013;13:57:57;18.08.2013;14:03:04;0:05:07;"Долгота=39° 10' 53.48"" Широта=45° 14' 56.90""";
353;18.08.2013;14:25:52;18.08.2013;14:34:41;0:08:49;"Долгота=39° 00' 44.27"" Широта=45° 14' 16.77""";
354;18.08.2013;14:41:30;18.08.2013;14:58:59;0:17:29;"Долгота=39° 00' 30.50"" Широта=45° 15' 13.46""";
355;18.08.2013;15:00:23;18.08.2013;15:04:43;0:04:20;"Долгота=39° 00' 25.80"" Широта=45° 15' 05.95""";
356;18.08.2013;15:19:16;18.08.2013;16:04:51;0:45:35;"Долгота=38° 59' 00.00"" Широта=45° 14' 37.51""";
357;18.08.2013;16:08:43;18.08.2013;16:20:17;0:11:34;Хоз двор. Место где находится гараж.;
358;18.08.2013;16:28:01;18.08.2013;16:33:23;0:05:22;"Долгота=39° 00' 23.21"" Широта=45° 14' 33.51""";
359;18.08.2013;16:33:35;18.08.2013;16:36:01;0:02:26;"Долгота=39° 00' 23.70"" Широта=45° 14' 29.29""";
360;18.08.2013;16:36:20;18.08.2013;16:37:29;0:01:09;"Долгота=39° 00' 24.72"" Широта=45° 14' 24.61""";
361;18.08.2013;16:37:32;18.08.2013;16:41:11;0:03:39;"Долгота=39° 00' 24.91"" Широта=45° 14' 22.50""";
362;18.08.2013;16:41:23;18.08.2013;16:43:31;0:02:08;"Долгота=39° 00' 25.14"" Широта=45° 14' 19.14""";
363;18.08.2013;16:44:30;18.08.2013;16:48:48;0:04:18;"Долгота=39° 00' 25.97"" Широта=45° 14' 12.11""";
364;18.08.2013;16:48:54;18.08.2013;16:50:10;0:01:16;"Долгота=39° 00' 26.52"" Широта=45° 14' 09.87""";
365;18.08.2013;16:52:07;18.08.2013;16:53:42;0:01:35;"Долгота=39° 00' 33.27"" Широта=45° 14' 04.20""";
366;18.08.2013;16:54:36;18.08.2013;17:09:49;0:15:13;"Долгота=39° 00' 26.16"" Широта=45° 14' 07.66""";
367;18.08.2013;17:10:19;18.08.2013;17:18:57;0:08:38;Точка №1 ул. Набережная.;
368;18.08.2013;17:23:14;18.08.2013;17:30:46;0:07:32;"Долгота=39° 00' 20.17"" Широта=45° 14' 42.00""";
369;18.08.2013;17:33:23;18.08.2013;17:36:17;0:02:54;"Долгота=39° 00' 16.60"" Широта=45° 14' 53.53""";
370;18.08.2013;17:36:54;18.08.2013;17:48:52;0:11:58;Точка №2 ул.Привокзальная.;
371;18.08.2013;17:49:46;18.08.2013;17:55:36;0:05:50;"Долгота=39° 00' 12.63"" Широта=45° 15' 05.07""";
372;18.08.2013;17:55:52;18.08.2013;17:59:30;0:03:38;"Долгота=39° 00' 11.60"" Широта=45° 15' 07.94""";
373;18.08.2013;18:08:34;18.08.2013;18:16:47;0:08:13;"Долгота=38° 58' 44.54"" Широта=45° 14' 14.21""";
374;18.08.2013;18:21:41;18.08.2013;18:22:59;0:01:18;"Долгота=38° 59' 14.01"" Широта=45° 13' 31.07""";
375;18.08.2013;18:24:17;18.08.2013;18:27:28;0:03:11;"Долгота=38° 59' 21.82"" Широта=45° 13' 31.97""";
376;18.08.2013;18:27:48;18.08.2013;18:30:47;0:02:59;"Долгота=38° 59' 26.97"" Широта=45° 13' 32.51""";
377;18.08.2013;18:32:47;18.08.2013;18:34:21;0:01:34;"Долгота=38° 59' 32.52"" Широта=45° 13' 33.33""";
378;18.08.2013;18:34:25;18.08.2013;18:37:13;0:02:48;"Долгота=38° 59' 35.10"" Широта=45° 13' 33.85""";
379;18.08.2013;18:39:19;18.08.2013;18:42:56;0:03:37;"Долгота=38° 59' 45.35"" Широта=45° 13' 35.23""";
380;18.08.2013;19:24:46;18.08.2013;19:27:09;0:02:23;"Долгота=39° 11' 31.14"" Широта=45° 15' 02.18""";
381;18.08.2013;19:29:07;18.08.2013;19:31:24;0:02:17;"Долгота=39° 11' 03.85"" Широта=45° 14' 59.78""";
382;18.08.2013;19:32:08;18.08.2013;19:37:44;0:05:36;"Долгота=39° 10' 55.28"" Широта=45° 14' 57.03""";
383;18.08.2013;19:38:44;18.08.2013;19:57:48;0:19:04;Точка №3 тупичёк за озером.;
384;18.08.2013;20:25:10;18.08.2013;20:54:54;0:29:44;Хоз двор. Место где находится гараж.;
385;18.08.2013;20:59:20;18.08.2013;21:06:12;0:06:52;"Долгота=38° 59' 07.51"" Широта=45° 14' 20.08""";
386;18.08.2013;21:06:58;18.08.2013;21:18:42;0:11:44;"Долгота=38° 59' 05.03"" Широта=45° 14' 25.68""";
387;18.08.2013;21:20:03;18.08.2013;21:24:37;0:04:34;"Долгота=38° 59' 01.79"" Широта=45° 14' 33.70""";
388;18.08.2013;21:25:03;18.08.2013;21:54:53;0:29:50;"Долгота=38° 58' 59.88"" Широта=45° 14' 37.66""";
389;18.08.2013;21:55:48;18.08.2013;21:59:10;0:03:22;"Долгота=38° 58' 58.83"" Широта=45° 14' 42.06""";
390;18.08.2013;21:59:14;18.08.2013;22:00:37;0:01:23;"Долгота=38° 58' 58.38"" Широта=45° 14' 44.26""";
391;18.08.2013;22:00:40;18.08.2013;22:05:44;0:05:04;"Долгота=38° 58' 58.16"" Широта=45° 14' 45.02""";
392;18.08.2013;22:05:58;18.08.2013;22:11:03;0:05:05;"Долгота=38° 58' 57.42"" Широта=45° 14' 48.20""";
393;18.08.2013;22:11:50;18.08.2013;22:13:54;0:02:04;"Долгота=38° 58' 56.06"" Широта=45° 14' 53.24""";
394;18.08.2013;22:14:01;18.08.2013;22:16:42;0:02:41;"Долгота=38° 58' 55.59"" Широта=45° 14' 55.14""";
395;18.08.2013;22:20:14;18.08.2013;22:21:40;0:01:26;"Долгота=39° 00' 11.78"" Широта=45° 15' 07.51""";
396;18.08.2013;22:21:53;18.08.2013;22:23:48;0:01:55;"Долгота=39° 00' 12.81"" Широта=45° 15' 04.66""";
397;18.08.2013;22:24:40;18.08.2013;22:26:24;0:01:44;"Долгота=39° 00' 13.83"" Широта=45° 15' 01.21""";
398;18.08.2013;22:27:42;18.08.2013;22:29:35;0:01:53;"Долгота=39° 00' 15.92"" Широта=45° 14' 54.95""";
399;18.08.2013;22:31:01;18.08.2013;22:34:03;0:03:02;"Долгота=39° 00' 17.85"" Широта=45° 14' 49.18""";
400;18.08.2013;22:36:05;18.08.2013;22:37:06;0:01:01;"Долгота=39° 00' 21.57"" Широта=45° 14' 39.88""";
401;18.08.2013;22:37:18;18.08.2013;22:39:06;0:01:48;"Долгота=39° 00' 22.11"" Широта=45° 14' 37.62""";
402;18.08.2013;22:46:38;18.08.2013;22:51:42;0:05:04;"Долгота=38° 57' 09.71"" Широта=45° 13' 58.98""";
403;18.08.2013;22:53:42;18.08.2013;23:00:31;0:06:49;"Долгота=38° 57' 15.70"" Широта=45° 13' 57.75""";
404;18.08.2013;23:28:04;18.08.2013;23:33:27;0:05:23;"Долгота=39° 11' 06.97"" Широта=45° 13' 58.12""";
405;18.08.2013;23:38:44;18.08.2013;23:40:11;0:01:27;"Долгота=39° 11' 31.34"" Широта=45° 15' 02.46""";
406;18.08.2013;23:42:24;18.08.2013;23:53:19;0:10:55;"Долгота=39° 11' 03.86"" Широта=45° 14' 59.88""";
407;18.08.2013;23:54:47;18.08.2013;23:59:54;0:05:07;"Долгота=39° 10' 53.48"" Широта=45° 14' 56.90""";
Организация;;;Демо;;;;
Группа;;;Легковые;;;;
Наименование;;;Газель ы 012 ыы ы 012 ыы и ещё много букаввввв;;;Минимальная продолжительность стоянки;0:05:00
Регистрационный №;;;ы 012 ыы и ещё много букаввввв;;;;
Позывной;;;Газель - Мазель;;;;
№;Период стоянки с;;Период стоянки по;;Продолжи- тельность;Место стоянки;
;Дата;Время;Дата;Время;;;
1;16.08.2013;00:00:18;16.08.2013;00:05:33;0:05:15;"Долгота=38° 48' 30.96"" Широта=52° 26' 20.52""";
2;16.08.2013;01:00:03;16.08.2013;01:05:18;0:05:15;Зона интереса 03/22/2013 19:48:42.;
3;16.08.2013;02:50:18;16.08.2013;03:58:33;1:08:15;Зона интереса 03/22/2013 19:48:42.;
4;16.08.2013;04:00:03;16.08.2013;04:33:18;0:33:15;"Долгота=38° 05' 47.63"" Широта=53° 47' 31.03""";
5;16.08.2013;05:23:03;16.08.2013;05:28:18;0:05:15;Краснода-Архангельск. Очень длинный трек.;
6;16.08.2013;06:40:33;16.08.2013;17:28:48;10:48:15;Краснода-Архангельск. Очень длинный трек.;
7;16.08.2013;19:07:03;16.08.2013;19:12:18;0:05:15;"Долгота=37° 01' 24.58"" Широта=55° 48' 31.93""";
8;16.08.2013;19:14:48;17.08.2013;00:48:33;5:33:45;"Долгота=37° 02' 45.80"" Широта=55° 47' 06.77""";
9;17.08.2013;01:02:48;17.08.2013;01:19:48;0:17:00;"Долгота=36° 53' 43.50"" Широта=55° 45' 31.45""";
10;17.08.2013;01:20:03;17.08.2013;02:12:33;0:52:30;"Долгота=36° 53' 04.73"" Широта=55° 44' 48.11""";
11;17.08.2013;02:19:33;17.08.2013;02:33:33;0:14:00;"Долгота=36° 53' 23.45"" Широта=55° 41' 41.92""";
12;17.08.2013;02:44:03;17.08.2013;02:51:03;0:07:00;"Долгота=36° 59' 01.74"" Широта=55° 38' 00.09""";
13;17.08.2013;02:51:18;17.08.2013;02:57:33;0:06:15;"Долгота=37° 00' 36.34"" Широта=55° 37' 47.12""";
14;17.08.2013;03:05:48;17.08.2013;03:15:48;0:10:00;"Долгота=36° 59' 52.17"" Широта=55° 34' 16.90""";
15;17.08.2013;03:19:33;17.08.2013;03:25:03;0:05:30;"Долгота=36° 58' 45.28"" Широта=55° 31' 48.19""";
16;17.08.2013;04:47:48;17.08.2013;04:59:48;0:12:00;"Долгота=37° 11' 45.79"" Широта=54° 53' 05.90""";
17;17.08.2013;05:00:03;17.08.2013;08:27:48;3:27:45;"Долгота=37° 12' 28.99"" Широта=54° 52' 23.68""";
18;17.08.2013;10:17:18;17.08.2013;10:25:03;0:07:45;"Долгота=37° 01' 02.25"" Широта=55° 37' 16.83""";
19;17.08.2013;10:56:03;17.08.2013;11:22:48;0:26:45;"Долгота=36° 53' 29.68"" Широта=55° 45' 15.11""";
20;17.08.2013;13:22:48;17.08.2013;21:13:18;7:50:30;"Долгота=37° 55' 59.55"" Широта=55° 08' 09.80""";
21;17.08.2013;23:21:33;18.08.2013;02:24:18;3:02:45;"Долгота=38° 07' 44.32"" Широта=53° 47' 26.91""";
22;18.08.2013;02:24:33;18.08.2013;03:59:33;1:35:00;Зона интереса 03/22/2013 19:58:26.;
23;18.08.2013;04:00:03;18.08.2013;05:05:33;1:05:30;"Долгота=38° 07' 46.07"" Широта=53° 46' 17.93""";
24;18.08.2013;05:09:33;18.08.2013;08:33:48;3:24:15;Зона интереса 03/22/2013 19:48:42.;
25;18.08.2013;11:03:18;18.08.2013;11:13:18;0:10:00;Зона интереса 03/22/2013 19:48:42.;
26;18.08.2013;12:16:48;18.08.2013;20:54:03;8:37:15;Зона интереса 03/22/2013 19:48:42.;
27;18.08.2013;21:42:48;18.08.2013;21:49:48;0:07:00;Зона интереса 03/22/2013 19:48:42.;
28;18.08.2013;22:27:18;18.08.2013;23:27:33;1:00:15;Зона интереса 03/22/2013 19:48:42.;
Организация;;;Демо;;;;
Группа;;;Легковые;;;;
Наименование;;;Лада й 963 йййцйц546;;;Минимальная продолжительность стоянки;0:05:00
Регистрационный №;;;й 963 йй;;;;
Позывной;;;Лада Р 932 ВС 23 rus;;;;
№;Период стоянки с;;Период стоянки по;;Продолжи- тельность;Место стоянки;
;Дата;Время;Дата;Время;;;
1;16.08.2013;02:24:01;16.08.2013;02:30:31;0:06:30;Краснода-Архангельск. Очень длинный трек.;
2;16.08.2013;04:11:31;16.08.2013;04:16:46;0:05:15;Краснода-Архангельск. Очень длинный трек.;
3;16.08.2013;05:28:46;16.08.2013;05:38:46;0:10:00;"Долгота=40° 50' 06.75"" Широта=49° 28' 55.15""";
4;16.08.2013;05:53:16;16.08.2013;07:56:31;2:03:15;"Долгота=40° 48' 17.77"" Широта=49° 29' 05.47""";
5;16.08.2013;07:56:32;16.08.2013;11:15:38;3:19:06;"Долгота=40° 48' 18.06"" Широта=49° 29' 05.34""";
6;16.08.2013;11:23:23;16.08.2013;11:38:23;0:15:00;Постоим, отдохнём..;
7;16.08.2013;12:00:08;16.08.2013;18:22:38;6:22:30;"Долгота=40° 45' 42.16"" Широта=49° 28' 22.89""";
8;16.08.2013;18:44:23;16.08.2013;19:08:38;0:24:15;Постоим, отдохнём..;
9;16.08.2013;19:11:38;16.08.2013;19:45:38;0:34:00;Постоим, отдохнём..;
10;16.08.2013;20:46:14;16.08.2013;21:09:14;0:23:00;"Долгота=40° 53' 15.77"" Широта=49° 24' 59.39""";
11;16.08.2013;23:12:44;16.08.2013;23:31:59;0:19:15;Краснода-Архангельск. Очень длинный трек.;
12;17.08.2013;07:31:39;17.08.2013;11:17:35;3:45:56;"Долгота=39° 12' 45.05"" Широта=45° 08' 25.17""";
13;17.08.2013;12:03:50;17.08.2013;12:12:35;0:08:45;"Долгота=39° 35' 05.86"" Широта=45° 13' 07.49""";
14;17.08.2013;12:13:50;17.08.2013;12:22:20;0:08:30;"Долгота=39° 35' 26.58"" Широта=45° 13' 06.85""";
15;17.08.2013;12:39:42;17.08.2013;12:45:42;0:06:00;"Долгота=39° 40' 49.65"" Широта=45° 13' 34.50""";
16;17.08.2013;13:06:57;17.08.2013;13:37:27;0:30:30;"Долгота=39° 39' 39.76"" Широта=45° 11' 20.92""";
17;17.08.2013;14:23:42;17.08.2013;14:29:12;0:05:30;"Долгота=39° 46' 12.91"" Широта=44° 54' 08.64""";
18;17.08.2013;14:32:57;17.08.2013;14:54:42;0:21:45;"Долгота=39° 45' 33.65"" Широта=44° 54' 19.57""";
19;17.08.2013;14:55:12;17.08.2013;15:15:27;0:20:15;"Долгота=39° 45' 29.18"" Широта=44° 54' 20.55""";
20;17.08.2013;15:17:57;17.08.2013;16:16:27;0:58:30;"Долгота=39° 45' 50.34"" Широта=44° 54' 09.22""";
21;17.08.2013;17:30:57;17.08.2013;17:42:12;0:11:15;"Долгота=39° 41' 11.06"" Широта=45° 22' 02.27""";
22;17.08.2013;19:10:42;17.08.2013;19:46:12;0:35:30;Овал.;
23;17.08.2013;19:47:57;17.08.2013;20:25:12;0:37:15;Овал.;
24;17.08.2013;22:19:33;17.08.2013;22:54:03;0:34:30;"Долгота=39° 39' 38.17"" Широта=45° 11' 20.82""";
25;17.08.2013;23:14:18;17.08.2013;23:23:03;0:08:45;Зона интереса 07/31/2013 12:13:55. 2345.;
26;17.08.2013;23:25:03;17.08.2013;23:41:03;0:16:00;Зона интереса 07/31/2013 12:13:55. 2345.;
27;17.08.2013;23:41:33;17.08.2013;23:50:18;0:08:45;Зона интереса 07/31/2013 12:13:55. 2345.;
28;17.08.2013;23:57:18;18.08.2013;00:14:33;0:17:15;Зона интереса 07/31/2013 12:13:55. 2345.;
29;18.08.2013;02:51:18;18.08.2013;03:23:33;0:32:15;"Долгота=39° 25' 42.00"" Широта=45° 59' 10.92""";
30;18.08.2013;03:24:18;18.08.2013;03:53:13;0:28:55;"Долгота=39° 25' 41.86"" Широта=45° 59' 18.86""";
31;18.08.2013;04:48:33;18.08.2013;04:54:18;0:05:45;"Долгота=39° 36' 40.30"" Широта=45° 42' 21.08""";
32;18.08.2013;06:19:48;18.08.2013;06:31:18;0:11:30;Зона интереса 07/31/2013 12:13:55. 2345.;
33;18.08.2013;06:31:48;18.08.2013;06:43:33;0:11:45;Зона интереса 07/31/2013 12:13:55. 2345.;
34;18.08.2013;07:56:18;18.08.2013;08:19:03;0:22:45;"Долгота=39° 13' 44.87"" Широта=45° 17' 42.53""";
35;18.08.2013;09:19:48;18.08.2013;09:34:03;0:14:15;"Долгота=39° 34' 58.37"" Широта=45° 12' 37.91""";
36;18.08.2013;09:42:19;18.08.2013;09:48:49;0:06:30;"Долгота=39° 33' 27.00"" Широта=45° 12' 09.18""";
37;18.08.2013;12:45:04;18.08.2013;13:01:49;0:16:45;"Долгота=38° 09' 26.92"" Широта=45° 38' 59.24""";
38;18.08.2013;13:41:19;18.08.2013;19:34:04;5:52:45;"Долгота=38° 00' 57.31"" Широта=45° 47' 12.91""";
39;18.08.2013;20:40:04;18.08.2013;20:47:04;0:07:00;"Долгота=38° 28' 47.46"" Широта=45° 35' 28.12""";
40;18.08.2013;23:12:19;18.08.2013;23:28:00;0:15:41;"Долгота=39° 34' 58.46"" Широта=45° 12' 37.84""";
41;18.08.2013;23:32:35;18.08.2013;23:48:35;0:16:00;"Долгота=39° 34' 58.46"" Широта=45° 12' 37.84""";
