Text11;Text9;Text12;Заголовок_данныхInterestPointHistory__История_точек_интереса__STARTTIME;Заголовок_данныхInterestPointHistory__История_точек_интереса__ENDTIME;Text16;Text19;Text15;Text23;Text24
Организация;;Демо;;;;;;;
Группа;;Грузовые;;;;;;;
Наименование;;ЗИЛ на склад его;;;;;;;
Регистрационный №;;з 12345 зzzз;;;;;;;
Описание;;Бензовоз;;;;;;;
Зона интереса;;;Время въезда;Время выезда;Продолжи- тельность (чч:мм:сc);Макс.  скорость (км/ч);Расстояние (км);;
№;Наименование;Описание;;;;;от  предыдущей;в зоне;с начала движения
1;Начало движения;Начало движения;;16.08.13 10:02:20;;;;;0,00
2;Окончание движения;Окончание движения;18.08.13 21:17:22;;;;;;0,93
Организация;;Демо;;;;;;;
Группа;;Грузовые;;;;;;;
Наименование;;ЗИЛ шмиль;;;;;;;
Регистрационный №;;ю 652 юю;;;;;;;
Описание;;Курьер мольер;;;;;;;
Зона интереса;;;Время въезда;Время выезда;Продолжи- тельность (чч:мм:сc);Макс.  скорость (км/ч);Расстояние (км);;
№;Наименование;Описание;;;;;от  предыдущей;в зоне;с начала движения
1;Начало движения;Начало движения;;16.08.13 00:00:02;;;;;0,00
2;Зона интереса 03/20/2013 21:16:45;;16.08.13 01:26:02;16.08.13 01:37:47;00:11:45;87,60;77,47;15,66;77,25
3;Зона интереса 03/20/2013 21:16:45;;16.08.13 20:26:17;16.08.13 20:30:02;00:03:45;85,70;402,68;5,22;495,17
4;Зона интереса 03/20/2013 21:16:45;;16.08.13 20:30:32;16.08.13 20:31:32;00:01:00;85,40;1,07;1,43;501,07
5;Зона интереса 03/20/2013 21:16:45;;16.08.13 20:32:02;16.08.13 20:34:47;00:02:45;85,70;1,07;3,92;503,21
6;Зона интереса 03/20/2013 21:16:45;;16.08.13 20:35:32;16.08.13 20:35:47;00:00:15;85,40;1,43;0;508,20
7;Зона интереса 03/20/2013 21:16:45;;16.08.13 20:36:47;16.08.13 20:37:32;00:00:45;85,70;3,57;1,07;509,99
8;Круг (квадрат);123;17.08.13 10:54:50;17.08.13 11:01:35;00:06:45;87,10;286,80;8,55;797,50
9;Тут пересекается;Поэтому площадь считается неправильно;17.08.13 11:09:50;17.08.13 11:10:20;00:00:30;88,80;10,64;0,70;816,37
10;Зона интереса 25.02.2013 20:36:20;;17.08.13 11:17:50;17.08.13 11:18:05;00:00:15;61,90;8,85;0;825,69
11;Краснода-Архангельск;Очень длинный трек;17.08.13 11:47:35;17.08.13 11:47:50;00:00:15;28,80;43,22;0;859,94
12;Краснода-Архангельск;Очень длинный трек;17.08.13 11:48:05;17.08.13 11:53:20;00:05:15;80,60;43,71;6,49;860,20
13;Краснода-Архангельск;Очень длинный трек;17.08.13 11:53:50;17.08.13 11:54:50;00:01:00;76,10;0,90;1,26;867,22
14;Краснода-Архангельск;Очень длинный трек;17.08.13 11:55:20;17.08.13 11:56:50;00:01:30;76,60;0,95;1,88;869,09
15;Краснода-Архангельск;Очень длинный трек;17.08.13 11:57:35;17.08.13 11:57:50;00:00:15;88,60;1,33;0,36;871,93
16;Краснода-Архангельск;Очень длинный трек;17.08.13 11:58:20;17.08.13 12:02:05;00:03:45;80,20;0,98;4,31;872,98
17;Краснода-Архангельск;Очень длинный трек;17.08.13 12:02:35;17.08.13 12:04:35;00:02:00;87,60;1,04;2,58;877,94
18;Краснода-Архангельск;Очень длинный трек;17.08.13 12:05:50;17.08.13 12:06:50;00:01:00;79,40;1,75;1,26;882,06
19;Краснода-Архангельск;Очень длинный трек;17.08.13 12:07:50;17.08.13 12:08:20;00:00:30;76,30;1,54;0,64;884,58
20;Краснода-Архангельск;Очень длинный трек;17.08.13 12:09:20;17.08.13 12:09:35;00:00:15;77,00;1,58;0;886,47
21;Краснода-Архангельск;Очень длинный трек;17.08.13 12:10:05;17.08.13 12:11:50;00:01:45;73,00;2,83;1,81;887,42
22;Краснода-Архангельск;Очень длинный трек;17.08.13 12:24:35;17.08.13 12:24:50;00:00:15;18,00;1,34;0;890,69
23;Краснода-Архангельск;Очень длинный трек;17.08.13 12:25:05;17.08.13 12:26:05;00:01:00;62,60;1,75;0,99;890,92
24;Краснода-Архангельск;Очень длинный трек;17.08.13 12:26:35;17.08.13 12:29:20;00:02:45;83,80;0,65;3,15;892,32
25;Краснода-Архангельск;Очень длинный трек;17.08.13 12:30:05;17.08.13 12:32:50;00:02:45;85,40;1,42;3,52;896,35
26;Краснода-Архангельск;Очень длинный трек;17.08.13 12:33:35;17.08.13 12:33:50;00:00:15;61,20;0,89;0,26;900,61
27;Краснода-Архангельск;Очень длинный трек;17.08.13 12:34:20;17.08.13 12:34:50;00:00:30;62,90;0,80;0,38;901,36
28;Краснода-Архангельск;Очень длинный трек;17.08.13 12:35:20;17.08.13 12:37:35;00:02:15;48,00;0,47;1,06;902,16
29;Краснода-Архангельск;Очень длинный трек;17.08.13 12:44:20;17.08.13 12:44:50;00:00:30;8,20;0,25;0,04;903,55
30;Краснода-Архангельск;Очень длинный трек;17.08.13 12:45:20;17.08.13 12:46:05;00:00:45;7,00;0,06;0,07;903,66
31;Краснода-Архангельск;Очень длинный трек;17.08.13 12:48:05;17.08.13 12:50:35;00:02:30;79,90;0,92;2,30;904,42
32;Краснода-Архангельск;Очень длинный трек;17.08.13 16:07:20;17.08.13 16:07:35;00:00:15;1,40;27,96;0;934,49
33;Краснода-Архангельск;Очень длинный трек;17.08.13 16:07:50;17.08.13 16:11:05;00:03:15;64,60;28,38;2,44;934,70
34;Краснода-Архангельск;Очень длинный трек;17.08.13 16:11:35;17.08.13 16:12:35;00:01:00;18,50;0,09;0,15;937,38
35;Овал;;17.08.13 16:53:20;18.08.13 07:12:35;14:19:15;82,30;22,99;16,11;960,20
36;Краснода-Архангельск;Очень длинный трек;18.08.13 07:19:20;18.08.13 07:21:35;00:02:15;76,80;7,74;2,55;984,06
37;Краснода-Архангельск;Очень длинный трек;18.08.13 07:22:05;18.08.13 07:29:35;00:07:30;76,80;0,95;5,63;986,96
38;Краснода-Архангельск;Очень длинный трек;18.08.13 07:30:20;18.08.13 07:30:50;00:00:30;82,10;1,29;0,68;993,55
39;Краснода-Архангельск;Очень длинный трек;18.08.13 07:39:35;18.08.13 07:42:05;00:02:30;77,30;11,50;3,14;1 005,42
40;Зона интереса 25.02.2013 20:36:20;;18.08.13 08:10:05;18.08.13 08:10:20;00:00:15;59,80;31,97;0;1 040,27
41;Зона интереса 13.02.2013 9:04:59;;18.08.13 08:16:05;18.08.13 08:19:05;00:03:00;71,30;37,54;3,06;1 045,61
42;Зона интереса 13.02.2013 9:06:36;;18.08.13 08:19:20;18.08.13 08:20:05;00:00:45;63,40;0,51;0,65;1 048,90
43;Зона интереса 13.02.2013 9:06:36;;18.08.13 08:23:05;18.08.13 08:23:20;00:00:15;72,00;3,81;0,30;1 053,18
44;Зона интереса 13.02.2013 9:11:03;;18.08.13 08:25:20;18.08.13 08:26:35;00:01:15;75,10;2,86;1,49;1 056,01
45;Окончание движения;Окончание движения;18.08.13 22:19:05;;;;;;1 808,53
Организация;;Демо;;;;;;;
Группа;;Грузовые;;;;;;;
Наименование;;Камаз трололо );;;;;;;
Регистрационный №;;д 555 дд;;;;;;;
Описание;;Мусоровоз;;;;;;;
Зона интереса;;;Время въезда;Время выезда;Продолжи- тельность (чч:мм:сc);Макс.  скорость (км/ч);Расстояние (км);;
№;Наименование;Описание;;;;;от  предыдущей;в зоне;с начала движения
1;Начало движения;Начало движения;;16.08.13 00:17:03;;;;;0,00
2;Точка №2 ул.Привокзальная;;16.08.13 00:48:34;16.08.13 00:49:09;00:00:35;6,00;2,52;0,05;2,42
3;Зона интереса 08/06/2013 13:42:53;;16.08.13 01:05:36;16.08.13 01:05:55;00:00:19;42,80;3,17;0;5,47
4;Хоз двор;Место где находится гараж;16.08.13 01:26:29;16.08.13 01:28:02;00:01:33;26,60;6,98;0,25;9,13
5;Зона интереса 08/06/2013 13:42:53;;16.08.13 01:28:26;16.08.13 01:28:56;00:00:30;18,10;0,28;0;9,58
6;Шлагбаум;На въезде;16.08.13 01:38:30;16.08.13 01:38:53;00:00:23;58,10;7,10;0;16,03
7;Краснода-Архангельск;Очень длинный трек;16.08.13 01:55:37;16.08.13 01:55:48;00:00:11;49,90;18,44;0,27;27,22
8;Краснода-Архангельск;Очень длинный трек;16.08.13 01:57:26;16.08.13 01:57:49;00:00:23;52,30;1,91;0;29,01
9;Точка №3 тупичёк за озером;;16.08.13 02:15:29;16.08.13 02:15:54;00:00:25;0,30;3,68;0;30,69
10;Точка №3 тупичёк за озером;;16.08.13 02:23:00;16.08.13 02:23:18;00:00:18;10,60;4,17;0;31,13
11;Краснода-Архангельск;Очень длинный трек;16.08.13 02:28:38;16.08.13 02:29:59;00:01:21;57,10;7,48;0,12;33,15
12;Шлагбаум;На въезде;16.08.13 02:41:27;16.08.13 02:41:50;00:00:23;59,50;11,48;0;45,53
13;Точка №2 ул.Привокзальная;;16.08.13 02:57:15;16.08.13 02:57:36;00:00:21;30,20;16,53;0;50,40
14;Хоз двор;Место где находится гараж;16.08.13 03:33:12;16.08.13 03:34:32;00:01:20;32,00;22,50;0,27;56,31
15;Зона интереса 08/06/2013 13:42:53;;16.08.13 03:34:54;16.08.13 03:35:15;00:00:21;24,20;0,26;0;56,69
16;Зона интереса 08/06/2013 13:42:53;;16.08.13 04:26:04;16.08.13 04:26:38;00:00:34;5,40;2,77;0;59,15
17;Хоз двор;Место где находится гараж;16.08.13 04:27:04;16.08.13 04:39:17;00:12:13;32,00;3,03;0,24;59,35
18;Зона интереса 08/06/2013 13:42:53;;16.08.13 04:39:49;16.08.13 04:40:18;00:00:29;17,60;0,32;0;59,70
19;Точка №1 ул. Набережная;;16.08.13 05:28:49;16.08.13 05:37:57;00:09:08;6,30;4,21;0,17;63,53
20;Точка №2 ул.Привокзальная;;16.08.13 05:55:40;16.08.13 06:07:52;00:12:12;11,80;1,72;0,16;65,29
21;Точка №2 ул.Привокзальная;;16.08.13 06:20:35;16.08.13 06:20:51;00:00:16;22,80;1,09;0,10;66,37
22;Овал;;16.08.13 07:17:48;16.08.13 07:35:10;00:17:22;62,90;17,84;13,82;82,16
23;Точка №3 тупичёк за озером;;16.08.13 07:50:24;16.08.13 07:50:38;00:00:14;2,20;8,82;0;106,65
24;Точка №3 тупичёк за озером;;16.08.13 07:57:24;16.08.13 08:16:48;00:19:24;7,90;9,21;0,30;107,00
25;Краснода-Архангельск;Очень длинный трек;16.08.13 08:20:46;16.08.13 08:22:43;00:01:57;56,80;3,28;0,13;108,47
26;Шлагбаум;На въезде;16.08.13 08:33:58;16.08.13 08:34:11;00:00:13;58,40;11,32;0;121,43
27;Зона интереса 08/06/2013 13:42:53;;16.08.13 08:43:09;16.08.13 08:43:15;00:00:06;31,80;17,98;0,05;128,03
28;Хоз двор;Место где находится гараж;16.08.13 08:43:42;16.08.13 09:13:54;00:30:12;31,80;0,22;0,22;128,25
29;Зона интереса 08/06/2013 13:42:53;;16.08.13 09:14:08;16.08.13 09:14:36;00:00:28;14,40;0,22;0,07;128,52
30;Точка №2 ул.Привокзальная;;16.08.13 10:45:24;16.08.13 10:45:59;00:00:35;6,00;3,91;0,05;132,43
31;Зона интереса 08/06/2013 13:42:53;;16.08.13 11:02:26;16.08.13 11:02:45;00:00:19;42,80;3,17;0;135,48
32;Хоз двор;Место где находится гараж;16.08.13 11:23:19;16.08.13 11:24:52;00:01:33;26,60;6,98;0,25;139,15
33;Зона интереса 08/06/2013 13:42:53;;16.08.13 11:25:16;16.08.13 11:25:46;00:00:30;18,10;0,28;0;139,59
34;Шлагбаум;На въезде;16.08.13 11:35:20;16.08.13 11:35:43;00:00:23;58,10;7,10;0;146,04
35;Краснода-Архангельск;Очень длинный трек;16.08.13 11:52:27;16.08.13 11:52:38;00:00:11;49,90;18,44;0,27;157,23
36;Краснода-Архангельск;Очень длинный трек;16.08.13 11:54:16;16.08.13 11:54:39;00:00:23;52,30;1,91;0;159,02
37;Точка №3 тупичёк за озером;;16.08.13 12:12:19;16.08.13 12:12:44;00:00:25;0,30;3,68;0;160,71
38;Точка №3 тупичёк за озером;;16.08.13 12:19:50;16.08.13 12:20:08;00:00:18;10,60;4,17;0;161,14
39;Краснода-Архангельск;Очень длинный трек;16.08.13 12:25:28;16.08.13 12:26:49;00:01:21;57,10;7,48;0,12;163,16
40;Шлагбаум;На въезде;16.08.13 12:38:17;16.08.13 12:38:40;00:00:23;59,50;11,48;0;175,54
41;Точка №2 ул.Привокзальная;;16.08.13 12:54:05;16.08.13 12:54:26;00:00:21;30,20;16,53;0;180,42
42;Хоз двор;Место где находится гараж;16.08.13 13:30:02;16.08.13 13:31:22;00:01:20;32,00;22,50;0,27;186,33
43;Зона интереса 08/06/2013 13:42:53;;16.08.13 13:31:44;16.08.13 13:32:05;00:00:21;24,20;0,26;0;186,71
44;Зона интереса 08/06/2013 13:42:53;;16.08.13 14:22:54;16.08.13 14:23:28;00:00:34;5,40;2,77;0;189,16
45;Хоз двор;Место где находится гараж;16.08.13 14:23:54;16.08.13 14:36:07;00:12:13;32,00;3,03;0,24;189,37
46;Зона интереса 08/06/2013 13:42:53;;16.08.13 14:36:39;16.08.13 14:37:08;00:00:29;17,60;0,32;0;189,71
47;Точка №1 ул. Набережная;;16.08.13 15:25:39;16.08.13 15:34:47;00:09:08;6,30;4,21;0,17;193,55
48;Точка №2 ул.Привокзальная;;16.08.13 15:52:30;16.08.13 16:04:42;00:12:12;11,80;1,72;0,16;195,30
49;Точка №2 ул.Привокзальная;;16.08.13 16:17:25;16.08.13 16:17:41;00:00:16;22,80;1,09;0,10;196,38
50;Овал;;16.08.13 17:14:38;16.08.13 17:32:00;00:17:22;62,90;17,84;13,82;212,18
51;Точка №3 тупичёк за озером;;16.08.13 17:47:14;16.08.13 17:47:28;00:00:14;2,20;8,82;0;236,67
52;Точка №3 тупичёк за озером;;16.08.13 17:54:14;16.08.13 18:13:38;00:19:24;7,90;9,21;0,30;237,02
53;Краснода-Архангельск;Очень длинный трек;16.08.13 18:17:36;16.08.13 18:19:33;00:01:57;56,80;3,28;0,13;238,49
54;Шлагбаум;На въезде;16.08.13 18:30:48;16.08.13 18:31:01;00:00:13;58,40;11,32;0;251,45
55;Зона интереса 08/06/2013 13:42:53;;16.08.13 18:39:59;16.08.13 18:40:05;00:00:06;31,80;17,98;0,05;258,05
56;Хоз двор;Место где находится гараж;16.08.13 18:40:32;16.08.13 19:10:44;00:30:12;31,80;0,22;0,22;258,27
57;Зона интереса 08/06/2013 13:42:53;;16.08.13 19:10:58;16.08.13 19:11:26;00:00:28;14,40;0,22;0,07;258,54
58;Точка №2 ул.Привокзальная;;16.08.13 20:42:14;16.08.13 20:42:49;00:00:35;6,00;3,91;0,05;262,45
59;Зона интереса 08/06/2013 13:42:53;;16.08.13 20:59:16;16.08.13 20:59:35;00:00:19;42,80;3,17;0;265,50
60;Хоз двор;Место где находится гараж;16.08.13 21:20:09;16.08.13 21:21:42;00:01:33;26,60;6,98;0,25;269,17
61;Зона интереса 08/06/2013 13:42:53;;16.08.13 21:22:06;16.08.13 21:22:36;00:00:30;18,10;0,28;0;269,61
62;Шлагбаум;На въезде;16.08.13 21:32:10;16.08.13 21:32:33;00:00:23;58,10;7,10;0;276,06
63;Краснода-Архангельск;Очень длинный трек;16.08.13 21:49:17;16.08.13 21:49:28;00:00:11;49,90;18,44;0,27;287,25
64;Краснода-Архангельск;Очень длинный трек;16.08.13 21:51:06;16.08.13 21:51:29;00:00:23;52,30;1,91;0;289,04
65;Точка №3 тупичёк за озером;;16.08.13 22:09:09;16.08.13 22:09:34;00:00:25;0,30;3,68;0;290,73
66;Точка №3 тупичёк за озером;;16.08.13 22:16:40;16.08.13 22:16:58;00:00:18;10,60;4,17;0;291,16
67;Краснода-Архангельск;Очень длинный трек;16.08.13 22:22:18;16.08.13 22:23:39;00:01:21;57,10;7,48;0,12;293,18
68;Шлагбаум;На въезде;16.08.13 22:35:07;16.08.13 22:35:30;00:00:23;59,50;11,48;0;305,56
69;Точка №2 ул.Привокзальная;;16.08.13 22:50:55;16.08.13 22:51:16;00:00:21;30,20;16,53;0;310,44
70;Хоз двор;Место где находится гараж;16.08.13 23:26:52;16.08.13 23:28:12;00:01:20;32,00;22,50;0,27;316,35
71;Зона интереса 08/06/2013 13:42:53;;16.08.13 23:28:34;16.08.13 23:28:55;00:00:21;24,20;0,26;0;316,73
72;Зона интереса 08/06/2013 13:42:53;;17.08.13 00:19:44;17.08.13 00:20:18;00:00:34;5,40;2,77;0;319,18
73;Хоз двор;Место где находится гараж;17.08.13 00:20:44;17.08.13 00:32:57;00:12:13;32,00;3,03;0,24;319,39
74;Зона интереса 08/06/2013 13:42:53;;17.08.13 00:33:29;17.08.13 00:33:58;00:00:29;17,60;0,32;0;319,73
75;Точка №1 ул. Набережная;;17.08.13 01:22:29;17.08.13 01:31:37;00:09:08;6,30;4,21;0,17;323,57
76;Точка №2 ул.Привокзальная;;17.08.13 01:49:20;17.08.13 02:01:32;00:12:12;11,80;1,72;0,16;325,32
77;Точка №2 ул.Привокзальная;;17.08.13 02:14:15;17.08.13 02:14:31;00:00:16;22,80;1,09;0,10;326,40
78;Овал;;17.08.13 03:11:28;17.08.13 03:28:50;00:17:22;62,90;17,84;13,82;342,20
79;Точка №3 тупичёк за озером;;17.08.13 03:44:04;17.08.13 03:44:18;00:00:14;2,20;8,82;0;366,69
80;Точка №3 тупичёк за озером;;17.08.13 03:51:04;17.08.13 04:10:28;00:19:24;7,90;9,21;0,30;367,04
81;Краснода-Архангельск;Очень длинный трек;17.08.13 04:14:26;17.08.13 04:16:23;00:01:57;56,80;3,27;0,13;368,51
82;Шлагбаум;На въезде;17.08.13 04:27:38;17.08.13 04:27:51;00:00:13;58,40;11,32;0;381,47
83;Зона интереса 08/06/2013 13:42:53;;17.08.13 04:36:49;17.08.13 04:36:55;00:00:06;31,80;17,98;0,05;388,07
84;Хоз двор;Место где находится гараж;17.08.13 04:37:22;17.08.13 05:07:34;00:30:12;31,80;0,22;0,22;388,29
85;Зона интереса 08/06/2013 13:42:53;;17.08.13 05:07:48;17.08.13 05:08:16;00:00:28;14,40;0,22;0,07;388,56
86;Точка №2 ул.Привокзальная;;17.08.13 06:39:04;17.08.13 06:39:39;00:00:35;6,00;3,91;0,05;392,47
87;Зона интереса 08/06/2013 13:42:53;;17.08.13 06:56:06;17.08.13 06:56:25;00:00:19;42,80;3,17;0;395,52
88;Хоз двор;Место где находится гараж;17.08.13 07:16:59;17.08.13 07:18:32;00:01:33;26,60;6,98;0,25;399,19
89;Зона интереса 08/06/2013 13:42:53;;17.08.13 07:18:56;17.08.13 07:19:26;00:00:30;18,10;0,28;0;399,63
90;Шлагбаум;На въезде;17.08.13 07:29:00;17.08.13 07:29:23;00:00:23;58,10;7,10;0;406,08
91;Краснода-Архангельск;Очень длинный трек;17.08.13 07:46:07;17.08.13 07:46:18;00:00:11;49,90;18,44;0,27;417,27
92;Краснода-Архангельск;Очень длинный трек;17.08.13 07:47:56;17.08.13 07:48:19;00:00:23;52,30;1,91;0;419,06
93;Точка №3 тупичёк за озером;;17.08.13 08:05:59;17.08.13 08:06:24;00:00:25;0,30;3,68;0;420,75
94;Точка №3 тупичёк за озером;;17.08.13 08:13:30;17.08.13 08:13:48;00:00:18;10,60;4,17;0;421,18
95;Краснода-Архангельск;Очень длинный трек;17.08.13 08:19:08;17.08.13 08:20:29;00:01:21;57,10;7,48;0,12;423,20
96;Шлагбаум;На въезде;17.08.13 08:31:57;17.08.13 08:32:20;00:00:23;59,50;11,48;0;435,58
97;Точка №2 ул.Привокзальная;;17.08.13 08:47:45;17.08.13 08:48:06;00:00:21;30,20;16,53;0;440,46
98;Хоз двор;Место где находится гараж;17.08.13 09:23:42;17.08.13 09:25:02;00:01:20;32,00;22,50;0,27;446,37
99;Зона интереса 08/06/2013 13:42:53;;17.08.13 09:25:24;17.08.13 09:25:45;00:00:21;24,20;0,26;0;446,75
100;Зона интереса 08/06/2013 13:42:53;;17.08.13 10:16:34;17.08.13 10:17:08;00:00:34;5,40;2,77;0;449,20
101;Хоз двор;Место где находится гараж;17.08.13 10:17:34;17.08.13 10:29:47;00:12:13;32,00;3,03;0,24;449,41
102;Зона интереса 08/06/2013 13:42:53;;17.08.13 10:30:19;17.08.13 10:30:48;00:00:29;17,60;0,32;0;449,75
103;Точка №1 ул. Набережная;;17.08.13 11:19:19;17.08.13 11:28:27;00:09:08;6,30;4,21;0,17;453,59
104;Точка №2 ул.Привокзальная;;17.08.13 11:46:10;17.08.13 11:58:22;00:12:12;11,80;1,72;0,16;455,34
105;Точка №2 ул.Привокзальная;;17.08.13 12:11:05;17.08.13 12:11:21;00:00:16;22,80;1,09;0,10;456,42
106;Овал;;17.08.13 13:08:18;17.08.13 13:25:40;00:17:22;62,90;17,84;13,82;472,22
107;Точка №3 тупичёк за озером;;17.08.13 13:40:54;17.08.13 13:41:08;00:00:14;2,20;8,82;0;496,71
108;Точка №3 тупичёк за озером;;17.08.13 13:47:54;17.08.13 14:07:18;00:19:24;7,90;9,21;0,30;497,06
109;Краснода-Архангельск;Очень длинный трек;17.08.13 14:11:16;17.08.13 14:13:13;00:01:57;56,80;3,28;0,13;498,53
110;Шлагбаум;На въезде;17.08.13 14:24:28;17.08.13 14:24:41;00:00:13;58,40;11,32;0;511,49
111;Зона интереса 08/06/2013 13:42:53;;17.08.13 14:33:39;17.08.13 14:33:45;00:00:06;31,80;17,98;0,05;518,09
112;Хоз двор;Место где находится гараж;17.08.13 14:34:12;17.08.13 15:04:24;00:30:12;31,80;0,22;0,22;518,31
113;Зона интереса 08/06/2013 13:42:53;;17.08.13 15:04:38;17.08.13 15:05:06;00:00:28;14,40;0,22;0,07;518,58
114;Точка №2 ул.Привокзальная;;17.08.13 16:35:54;17.08.13 16:36:29;00:00:35;6,00;3,91;0,05;522,49
115;Зона интереса 08/06/2013 13:42:53;;17.08.13 16:52:56;17.08.13 16:53:15;00:00:19;42,80;3,17;0;525,54
116;Хоз двор;Место где находится гараж;17.08.13 17:13:49;17.08.13 17:15:22;00:01:33;26,60;6,98;0,25;529,20
117;Зона интереса 08/06/2013 13:42:53;;17.08.13 17:15:46;17.08.13 17:16:16;00:00:30;18,10;0,28;0;529,65
118;Шлагбаум;На въезде;17.08.13 17:25:50;17.08.13 17:26:13;00:00:23;58,10;7,10;0;536,10
119;Краснода-Архангельск;Очень длинный трек;17.08.13 17:42:57;17.08.13 17:43:08;00:00:11;49,90;18,44;0,27;547,29
120;Краснода-Архангельск;Очень длинный трек;17.08.13 17:44:46;17.08.13 17:45:09;00:00:23;52,30;1,91;0;549,08
121;Точка №3 тупичёк за озером;;17.08.13 18:02:49;17.08.13 18:03:14;00:00:25;0,30;3,68;0;550,77
122;Точка №3 тупичёк за озером;;17.08.13 18:10:20;17.08.13 18:10:38;00:00:18;10,60;4,17;0;551,20
123;Краснода-Архангельск;Очень длинный трек;17.08.13 18:15:58;17.08.13 18:17:19;00:01:21;57,10;7,48;0,12;553,22
124;Шлагбаум;На въезде;17.08.13 18:28:47;17.08.13 18:29:10;00:00:23;59,50;11,48;0;565,60
125;Точка №2 ул.Привокзальная;;17.08.13 18:44:35;17.08.13 18:44:56;00:00:21;30,20;16,53;0;570,48
126;Хоз двор;Место где находится гараж;17.08.13 19:20:32;17.08.13 19:21:52;00:01:20;32,00;22,50;0,27;576,39
127;Зона интереса 08/06/2013 13:42:53;;17.08.13 19:22:14;17.08.13 19:22:35;00:00:21;24,20;0,26;0;576,76
128;Зона интереса 08/06/2013 13:42:53;;17.08.13 20:13:24;17.08.13 20:13:58;00:00:34;5,40;2,77;0;579,22
129;Хоз двор;Место где находится гараж;17.08.13 20:14:24;17.08.13 20:26:37;00:12:13;32,00;3,03;0,24;579,43
130;Зона интереса 08/06/2013 13:42:53;;17.08.13 20:27:09;17.08.13 20:27:38;00:00:29;17,60;0,32;0;579,77
131;Точка №1 ул. Набережная;;17.08.13 21:16:09;17.08.13 21:25:17;00:09:08;6,30;4,21;0,17;583,61
132;Точка №2 ул.Привокзальная;;17.08.13 21:43:00;17.08.13 21:55:12;00:12:12;11,80;1,72;0,16;585,36
133;Точка №2 ул.Привокзальная;;17.08.13 22:07:55;17.08.13 22:08:11;00:00:16;22,80;1,09;0,10;586,44
134;Овал;;17.08.13 23:05:08;17.08.13 23:22:30;00:17:22;62,90;17,84;13,82;602,24
135;Точка №3 тупичёк за озером;;17.08.13 23:37:44;17.08.13 23:37:58;00:00:14;2,20;8,82;0;626,73
136;Точка №3 тупичёк за озером;;17.08.13 23:44:44;18.08.13 00:04:08;00:19:24;7,90;9,21;0,30;627,08
137;Краснода-Архангельск;Очень длинный трек;18.08.13 00:08:06;18.08.13 00:10:03;00:01:57;56,80;3,28;0,13;628,55
138;Шлагбаум;На въезде;18.08.13 00:21:18;18.08.13 00:21:31;00:00:13;58,40;11,32;0;641,51
139;Зона интереса 08/06/2013 13:42:53;;18.08.13 00:30:29;18.08.13 00:30:35;00:00:06;31,80;17,98;0,05;648,11
140;Хоз двор;Место где находится гараж;18.08.13 00:31:02;18.08.13 01:01:14;00:30:12;31,80;0,22;0,22;648,33
141;Зона интереса 08/06/2013 13:42:53;;18.08.13 01:01:28;18.08.13 01:01:56;00:00:28;14,40;0,22;0,07;648,60
142;Точка №2 ул.Привокзальная;;18.08.13 02:32:44;18.08.13 02:33:19;00:00:35;6,00;3,91;0,05;652,51
143;Зона интереса 08/06/2013 13:42:53;;18.08.13 02:49:46;18.08.13 02:50:05;00:00:19;42,80;3,17;0;655,56
144;Хоз двор;Место где находится гараж;18.08.13 03:10:39;18.08.13 03:12:12;00:01:33;26,60;6,98;0,25;659,22
145;Зона интереса 08/06/2013 13:42:53;;18.08.13 03:12:36;18.08.13 03:13:06;00:00:30;18,10;0,28;0;659,67
146;Шлагбаум;На въезде;18.08.13 03:22:40;18.08.13 03:23:03;00:00:23;58,10;7,10;0;666,12
147;Краснода-Архангельск;Очень длинный трек;18.08.13 03:39:47;18.08.13 03:39:58;00:00:11;49,90;18,44;0,27;677,31
148;Краснода-Архангельск;Очень длинный трек;18.08.13 03:41:36;18.08.13 03:41:59;00:00:23;52,30;1,91;0;679,10
149;Точка №3 тупичёк за озером;;18.08.13 04:00:03;18.08.13 04:00:04;00:00:01;0,00;3,68;0;680,79
150;Точка №3 тупичёк за озером;;18.08.13 04:07:10;18.08.13 04:07:28;00:00:18;10,60;4,17;0;681,22
151;Краснода-Архангельск;Очень длинный трек;18.08.13 04:12:48;18.08.13 04:14:09;00:01:21;57,10;7,48;0,12;683,24
152;Шлагбаум;На въезде;18.08.13 04:25:37;18.08.13 04:26:00;00:00:23;59,50;11,48;0;695,62
153;Точка №2 ул.Привокзальная;;18.08.13 04:41:25;18.08.13 04:41:46;00:00:21;30,20;16,53;0;700,50
154;Хоз двор;Место где находится гараж;18.08.13 05:17:22;18.08.13 05:18:42;00:01:20;32,00;22,50;0,27;706,41
155;Зона интереса 08/06/2013 13:42:53;;18.08.13 05:19:04;18.08.13 05:19:25;00:00:21;24,20;0,26;0;706,78
156;Зона интереса 08/06/2013 13:42:53;;18.08.13 06:10:14;18.08.13 06:10:48;00:00:34;5,40;2,77;0;709,24
157;Хоз двор;Место где находится гараж;18.08.13 06:11:14;18.08.13 06:23:27;00:12:13;32,00;3,03;0,24;709,45
158;Зона интереса 08/06/2013 13:42:53;;18.08.13 06:23:59;18.08.13 06:24:28;00:00:29;17,60;0,32;0;709,79
159;Точка №1 ул. Набережная;;18.08.13 07:12:59;18.08.13 07:22:07;00:09:08;6,30;4,21;0,17;713,63
160;Точка №2 ул.Привокзальная;;18.08.13 07:39:50;18.08.13 07:52:02;00:12:12;11,80;1,72;0,16;715,38
161;Точка №2 ул.Привокзальная;;18.08.13 08:04:45;18.08.13 08:05:01;00:00:16;22,80;1,09;0,10;716,46
162;Овал;;18.08.13 09:01:58;18.08.13 09:19:20;00:17:22;62,90;17,84;13,82;732,26
163;Точка №3 тупичёк за озером;;18.08.13 09:34:34;18.08.13 09:34:48;00:00:14;2,20;8,82;0;756,75
164;Точка №3 тупичёк за озером;;18.08.13 09:41:34;18.08.13 10:00:58;00:19:24;7,90;9,21;0,30;757,10
165;Краснода-Архангельск;Очень длинный трек;18.08.13 10:04:56;18.08.13 10:06:53;00:01:57;56,80;3,28;0,13;758,57
166;Шлагбаум;На въезде;18.08.13 10:18:08;18.08.13 10:18:21;00:00:13;58,40;11,32;0;771,53
167;Зона интереса 08/06/2013 13:42:53;;18.08.13 10:27:19;18.08.13 10:27:25;00:00:06;31,80;17,98;0,05;778,13
168;Хоз двор;Место где находится гараж;18.08.13 10:27:52;18.08.13 10:58:04;00:30:12;31,80;0,22;0,22;778,35
169;Зона интереса 08/06/2013 13:42:53;;18.08.13 10:58:18;18.08.13 10:58:46;00:00:28;14,40;0,22;0,07;778,62
170;Точка №2 ул.Привокзальная;;18.08.13 12:29:34;18.08.13 12:30:09;00:00:35;6,00;3,91;0,05;782,53
171;Зона интереса 08/06/2013 13:42:53;;18.08.13 12:46:36;18.08.13 12:46:55;00:00:19;42,80;3,17;0;785,58
172;Хоз двор;Место где находится гараж;18.08.13 13:07:29;18.08.13 13:09:02;00:01:33;26,60;6,98;0,25;789,24
173;Зона интереса 08/06/2013 13:42:53;;18.08.13 13:09:26;18.08.13 13:09:56;00:00:30;18,10;0,28;0;789,69
174;Шлагбаум;На въезде;18.08.13 13:19:30;18.08.13 13:19:53;00:00:23;58,10;7,10;0;796,14
175;Краснода-Архангельск;Очень длинный трек;18.08.13 13:36:37;18.08.13 13:36:48;00:00:11;49,90;18,44;0,27;807,33
176;Краснода-Архангельск;Очень длинный трек;18.08.13 13:38:26;18.08.13 13:38:49;00:00:23;52,30;1,91;0;809,12
177;Точка №3 тупичёк за озером;;18.08.13 13:56:29;18.08.13 13:56:54;00:00:25;0,30;3,68;0;810,81
178;Точка №3 тупичёк за озером;;18.08.13 14:04:00;18.08.13 14:04:18;00:00:18;10,60;4,17;0;811,24
179;Краснода-Архангельск;Очень длинный трек;18.08.13 14:09:38;18.08.13 14:10:59;00:01:21;57,10;7,48;0,12;813,26
180;Шлагбаум;На въезде;18.08.13 14:22:27;18.08.13 14:22:50;00:00:23;59,50;11,48;0;825,64
181;Точка №2 ул.Привокзальная;;18.08.13 14:38:15;18.08.13 14:38:36;00:00:21;30,20;16,53;0;830,52
182;Хоз двор;Место где находится гараж;18.08.13 15:14:12;18.08.13 15:15:32;00:01:20;32,00;22,50;0,27;836,43
183;Зона интереса 08/06/2013 13:42:53;;18.08.13 15:15:54;18.08.13 15:16:15;00:00:21;24,20;0,26;0;836,80
184;Зона интереса 08/06/2013 13:42:53;;18.08.13 16:07:04;18.08.13 16:07:38;00:00:34;5,40;2,77;0;839,26
185;Хоз двор;Место где находится гараж;18.08.13 16:08:04;18.08.13 16:20:17;00:12:13;32,00;3,03;0,24;839,46
186;Зона интереса 08/06/2013 13:42:53;;18.08.13 16:20:49;18.08.13 16:21:18;00:00:29;17,60;0,32;0;839,81
187;Точка №1 ул. Набережная;;18.08.13 17:09:49;18.08.13 17:18:57;00:09:08;6,30;4,21;0,17;843,65
188;Точка №2 ул.Привокзальная;;18.08.13 17:36:40;18.08.13 17:48:52;00:12:12;11,80;1,72;0,16;845,40
189;Точка №2 ул.Привокзальная;;18.08.13 18:01:35;18.08.13 18:01:51;00:00:16;22,80;1,09;0,10;846,48
190;Овал;;18.08.13 18:58:48;18.08.13 19:16:10;00:17:22;62,90;17,84;13,82;862,28
191;Точка №3 тупичёк за озером;;18.08.13 19:31:24;18.08.13 19:31:38;00:00:14;2,20;8,82;0;886,77
192;Точка №3 тупичёк за озером;;18.08.13 19:38:24;18.08.13 19:57:48;00:19:24;7,90;9,21;0,30;887,12
193;Краснода-Архангельск;Очень длинный трек;18.08.13 20:01:46;18.08.13 20:03:43;00:01:57;56,80;3,28;0,13;888,59
194;Шлагбаум;На въезде;18.08.13 20:14:58;18.08.13 20:15:11;00:00:13;58,40;11,32;0;901,55
195;Зона интереса 08/06/2013 13:42:53;;18.08.13 20:24:09;18.08.13 20:24:15;00:00:06;31,80;17,98;0,05;908,15
196;Хоз двор;Место где находится гараж;18.08.13 20:24:42;18.08.13 20:54:54;00:30:12;31,80;0,22;0,22;908,37
197;Зона интереса 08/06/2013 13:42:53;;18.08.13 20:55:08;18.08.13 20:55:36;00:00:28;14,40;0,22;0,07;908,64
198;Точка №2 ул.Привокзальная;;18.08.13 22:26:24;18.08.13 22:26:59;00:00:35;6,00;3,91;0,05;912,55
199;Зона интереса 08/06/2013 13:42:53;;18.08.13 22:43:26;18.08.13 22:43:45;00:00:19;42,80;3,17;0;915,60
200;Хоз двор;Место где находится гараж;18.08.13 23:04:19;18.08.13 23:05:52;00:01:33;26,60;6,98;0,25;919,26
201;Зона интереса 08/06/2013 13:42:53;;18.08.13 23:06:16;18.08.13 23:06:46;00:00:30;18,10;0,28;0;919,71
202;Шлагбаум;На въезде;18.08.13 23:16:20;18.08.13 23:16:43;00:00:23;58,10;7,10;0;926,16
203;Краснода-Архангельск;Очень длинный трек;18.08.13 23:33:27;18.08.13 23:33:38;00:00:11;49,90;18,44;0,27;937,35
204;Краснода-Архангельск;Очень длинный трек;18.08.13 23:35:16;18.08.13 23:35:39;00:00:23;52,30;1,91;0;939,14
205;Точка №3 тупичёк за озером;;18.08.13 23:53:19;18.08.13 23:53:44;00:00:25;0,30;3,68;0;940,83
206;Окончание движения;Окончание движения;18.08.13 23:59:54;;;;;;941,21
Организация;;Демо;;;;;;;
Группа;;Легковые;;;;;;;
Наименование;;Газель ы 012 ыы ы 012 ыы и ещё много букаввввв;;;;;;;
Регистрационный №;;ы 012 ыы и ещё много букаввввв;;;;;;;
Описание;;Газель - Мазель;;;;;;;
Зона интереса;;;Время въезда;Время выезда;Продолжи- тельность (чч:мм:сc);Макс.  скорость (км/ч);Расстояние (км);;
№;Наименование;Описание;;;;;от  предыдущей;в зоне;с начала движения
1;Начало движения;Начало движения;;16.08.13 00:00:03;;;;;0,00
2;Краснода-Архангельск;Очень длинный трек;16.08.13 00:05:33;16.08.13 00:05:48;00:00:15;8,90;1,56;0;0,00
3;Краснода-Архангельск;Очень длинный трек;16.08.13 00:07:03;16.08.13 00:07:18;00:00:15;43,60;4,93;0;1,56
4;Зона интереса 03/22/2013 19:48:42;;16.08.13 00:14:33;16.08.13 00:14:48;00:00:15;51,50;16,60;0;11,51
5;Краснода-Архангельск;Очень длинный трек;16.08.13 00:15:48;16.08.13 00:16:03;00:00:15;49,90;1,67;0;13,23
6;Зона интереса 03/22/2013 19:48:42;;16.08.13 00:17:18;16.08.13 00:17:33;00:00:15;39,10;4,96;0;14,89
7;Зона интереса 03/22/2013 19:48:42;;16.08.13 00:18:48;16.08.13 01:05:18;00:46:30;60,60;8,37;37,11;16,52
8;Зона интереса 03/22/2013 19:48:42;;16.08.13 01:06:33;16.08.13 01:32:33;00:26:00;53,10;3,07;31,46;55,41
9;Краснода-Архангельск;Очень длинный трек;16.08.13 01:09:18;16.08.13 01:35:03;00:25:45;50,70;1,51;31,44;58,69
10;Зона интереса 03/22/2013 19:48:42;;16.08.13 01:36:33;16.08.13 02:11:33;00:35:00;51,30;3,18;36,89;91,73
11;Краснода-Архангельск;Очень длинный трек;16.08.13 01:36:34;16.08.13 02:11:33;00:34:59;51,30;231,40;35,71;91,73
12;Краснода-Архангельск;Очень длинный трек;16.08.13 02:14:33;16.08.13 02:14:48;00:00:15;50,70;5,14;0;361,77
13;Зона интереса 03/22/2013 19:48:42;;16.08.13 02:15:48;16.08.13 02:15:49;00:00:01;49,20;8,47;0;363,46
14;Краснода-Архангельск;Очень длинный трек;16.08.13 02:15:49;16.08.13 02:16:03;00:00:14;49,20;200,35;0;363,46
15;Краснода-Архангельск;Очень длинный трек;16.08.13 02:17:03;16.08.13 02:19:48;00:02:45;51,60;402,26;3,45;563,81
16;Зона интереса 03/22/2013 19:48:42;;16.08.13 02:24:48;16.08.13 02:24:49;00:00:01;49,40;8,29;0;573,73
17;Краснода-Архангельск;Очень длинный трек;16.08.13 02:24:49;16.08.13 02:25:03;00:00:14;49,40;195,38;0;573,73
18;Краснода-Архангельск;Очень длинный трек;16.08.13 02:27:18;16.08.13 02:27:33;00:00:15;47,50;394,09;0;770,85
19;Краснода-Архангельск;Очень длинный трек;16.08.13 02:28:48;16.08.13 02:29:03;00:00:15;37,90;397,25;0;772,44
20;Краснода-Архангельск;Очень длинный трек;16.08.13 02:30:18;16.08.13 02:30:33;00:00:15;43,20;400,63;0;774,02
21;Зона интереса 03/22/2013 19:48:42;;16.08.13 02:31:48;16.08.13 04:00:02;01:28:14;65,50;1,70;20,66;775,82
22;Зона интереса 03/22/2013 19:58:26;;16.08.13 02:48:33;16.08.13 02:50:18;00:01:45;35,30;2,06;0;795,72
23;Краснода-Архангельск;Очень длинный трек;16.08.13 04:43:48;16.08.13 04:44:03;00:00:15;34,40;13,29;0;809,34
24;Краснода-Архангельск;Очень длинный трек;16.08.13 04:46:18;16.08.13 04:46:33;00:00:15;49,90;18,32;0;812,71
25;Краснода-Архангельск;Очень длинный трек;16.08.13 04:47:33;16.08.13 04:48:48;00:01:15;50,20;21,58;1,67;814,38
26;Краснода-Архангельск;Очень длинный трек;16.08.13 04:50:33;16.08.13 04:53:18;00:02:45;48,80;3,54;3,30;817,64
27;Краснода-Архангельск;Очень длинный трек;16.08.13 04:54:33;16.08.13 05:10:33;00:16:00;55,20;3,13;21,00;822,81
28;Краснода-Архангельск;Очень длинный трек;16.08.13 05:14:03;16.08.13 05:15:18;00:01:15;52,40;5,08;1,75;848,69
29;Краснода-Архангельск;Очень длинный трек;16.08.13 05:16:33;16.08.13 05:28:33;00:12:00;54,10;3,41;10,19;852,13
30;Краснода-Архангельск;Очень длинный трек;16.08.13 05:30:48;16.08.13 05:31:03;00:00:15;53,00;3,47;0;865,68
31;Краснода-Архангельск;Очень длинный трек;16.08.13 05:33:18;16.08.13 05:34:33;00:01:15;49,80;3,31;1,62;869,10
32;Краснода-Архангельск;Очень длинный трек;16.08.13 05:36:18;16.08.13 05:36:33;00:00:15;35,90;3,42;0;872,39
33;Краснода-Архангельск;Очень длинный трек;16.08.13 05:38:48;16.08.13 05:40:18;00:01:30;51,00;3,45;1,64;875,93
34;Краснода-Архангельск;Очень длинный трек;16.08.13 05:42:33;16.08.13 05:42:48;00:00:15;51,60;3,50;0;881,06
35;Краснода-Архангельск;Очень длинный трек;16.08.13 05:43:48;16.08.13 05:44:03;00:00:15;52,30;6,97;0;882,78
36;Краснода-Архангельск;Очень длинный трек;16.08.13 05:46:18;16.08.13 05:48:48;00:02:30;53,20;3,50;3,54;886,31
37;Краснода-Архангельск;Очень длинный трек;16.08.13 05:50:03;16.08.13 05:50:18;00:00:15;53,10;3,54;0;891,56
38;Краснода-Архангельск;Очень длинный трек;16.08.13 05:52:33;16.08.13 05:52:48;00:00:15;52,80;8,66;0;894,92
39;Краснода-Архангельск;Очень длинный трек;16.08.13 05:53:48;16.08.13 05:58:03;00:04:15;58,30;12,16;5,84;896,68
40;Краснода-Архангельск;Очень длинный трек;16.08.13 05:59:18;16.08.13 06:00:33;00:01:15;52,60;3,47;1,70;904,25
41;Краснода-Архангельск;Очень длинный трек;16.08.13 06:01:48;16.08.13 06:03:03;00:01:15;52,20;3,44;1,69;907,71
42;Краснода-Архангельск;Очень длинный трек;16.08.13 06:04:18;16.08.13 06:04:33;00:00:15;48,80;3,31;0;911,14
43;Краснода-Архангельск;Очень длинный трек;16.08.13 06:05:33;16.08.13 06:05:48;00:00:15;50,20;6,62;0;912,76
44;Краснода-Архангельск;Очень длинный трек;16.08.13 06:08:03;16.08.13 06:08:18;00:00:15;53,60;12,01;0;916,37
45;Краснода-Архангельск;Очень длинный трек;16.08.13 06:10:03;16.08.13 06:21:18;00:11:15;52,40;15,39;13,49;918,16
46;Краснода-Архангельск;Очень длинный трек;16.08.13 06:24:48;16.08.13 06:25:03;00:00:15;48,70;4,88;0;936,50
47;Краснода-Архангельск;Очень длинный трек;16.08.13 06:28:36;16.08.13 06:31:18;00:02:42;52,10;4,69;3,20;941,23
48;Краснода-Архангельск;Очень длинный трек;16.08.13 06:36:33;16.08.13 06:36:48;00:00:15;49,10;6,33;0;949,17
49;Краснода-Архангельск;Очень длинный трек;16.08.13 06:37:48;16.08.13 17:32:48;10:55:00;55,90;9,50;9,50;950,81
50;Краснода-Архангельск;Очень длинный трек;16.08.13 17:34:18;16.08.13 17:34:33;00:00:15;41,30;3,24;0;961,84
51;Краснода-Архангельск;Очень длинный трек;16.08.13 17:35:48;16.08.13 17:36:03;00:00:15;42,90;6,74;0;963,56
52;Краснода-Архангельск;Очень длинный трек;16.08.13 17:37:03;16.08.13 17:42:03;00:05:00;50,40;10,11;6,43;965,35
53;Краснода-Архангельск;Очень длинный трек;16.08.13 17:43:18;16.08.13 17:43:33;00:00:15;48,50;3,19;0;973,35
54;Краснода-Архангельск;Очень длинный трек;16.08.13 17:48:18;16.08.13 17:49:33;00:01:15;49,70;6,39;1,66;979,71
55;Краснода-Архангельск;Очень длинный трек;16.08.13 17:53:18;16.08.13 17:54:33;00:01:15;48,50;6,61;1,61;986,36
56;Краснода-Архангельск;Очень длинный трек;16.08.13 17:55:48;16.08.13 18:08:33;00:12:45;50,80;3,30;16,11;989,59
57;Краснода-Архангельск;Очень длинный трек;16.08.13 18:09:48;16.08.13 18:10:03;00:00:15;45,40;3,20;0;1 007,40
58;Краснода-Архангельск;Очень длинный трек;16.08.13 18:13:18;16.08.13 18:13:33;00:00:15;15,40;6,38;0;1 008,91
59;Краснода-Архангельск;Очень длинный трек;17.08.13 13:05:18;17.08.13 13:05:33;00:00:15;48,10;458,56;0;1 459,48
60;Краснода-Архангельск;Очень длинный трек;17.08.13 13:13:18;17.08.13 13:13:33;00:00:15;42,00;470,00;0;1 469,17
61;Краснода-Архангельск;Очень длинный трек;17.08.13 13:15:48;17.08.13 13:16:03;00:00:15;49,00;474,96;0;1 472,50
62;Краснода-Архангельск;Очень длинный трек;17.08.13 13:17:03;17.08.13 13:17:18;00:00:15;48,60;478,21;0;1 474,13
63;Краснода-Архангельск;Очень длинный трек;17.08.13 13:22:33;17.08.13 13:22:48;00:00:15;39,60;486,40;0;1 480,67
64;Краснода-Архангельск;Очень длинный трек;17.08.13 21:14:33;17.08.13 21:14:48;00:00:15;46,70;491,14;0;1 483,86
65;Краснода-Архангельск;Очень длинный трек;17.08.13 21:18:18;17.08.13 21:18:33;00:00:15;47,10;497,51;0;1 488,66
66;Краснода-Архангельск;Очень длинный трек;17.08.13 21:25:18;17.08.13 21:25:33;00:00:15;16,60;505,54;0;1 495,03
67;Краснода-Архангельск;Очень длинный трек;17.08.13 21:27:48;17.08.13 21:28:03;00:00:15;50,50;510,41;0;1 498,21
68;Краснода-Архангельск;Очень длинный трек;17.08.13 21:29:03;17.08.13 21:29:18;00:00:15;47,70;513,68;0;1 499,89
69;Краснода-Архангельск;Очень длинный трек;17.08.13 21:41:33;17.08.13 21:41:48;00:00:15;48,70;531,61;0;1 516,20
70;Краснода-Архангельск;Очень длинный трек;17.08.13 21:43:03;17.08.13 21:43:18;00:00:15;38,50;534,84;0;1 517,82
71;Краснода-Архангельск;Очень длинный трек;17.08.13 21:51:18;17.08.13 21:51:33;00:00:15;41,70;546,41;0;1 527,65
72;Краснода-Архангельск;Очень длинный трек;17.08.13 22:08:48;17.08.13 22:09:03;00:00:15;47,80;570,25;0;1 549,90
73;Краснода-Архангельск;Очень длинный трек;17.08.13 22:13:48;17.08.13 22:14:03;00:00:15;52,30;578,42;0;1 556,33
74;Краснода-Архангельск;Очень длинный трек;17.08.13 22:17:33;17.08.13 22:17:48;00:00:15;48,70;4,86;0;1 561,30
75;Краснода-Архангельск;Очень длинный трек;17.08.13 22:21:18;17.08.13 22:21:33;00:00:15;46,10;11,20;0;1 566,11
76;Краснода-Архангельск;Очень длинный трек;17.08.13 22:23:48;17.08.13 22:24:03;00:00:15;46,70;3,15;0;1 569,24
77;Краснода-Архангельск;Очень длинный трек;17.08.13 22:37:48;17.08.13 22:38:03;00:00:15;49,70;22,62;0;1 587,05
78;Краснода-Архангельск;Очень длинный трек;17.08.13 22:42:48;17.08.13 22:43:03;00:00:15;50,00;30,84;0;1 593,60
79;Краснода-Архангельск;Очень длинный трек;17.08.13 22:44:03;17.08.13 22:44:18;00:00:15;49,30;34,15;0;1 595,27
80;Краснода-Архангельск;Очень длинный трек;17.08.13 22:45:18;17.08.13 22:45:33;00:00:15;49,50;37,44;0;1 596,91
81;Краснода-Архангельск;Очень длинный трек;17.08.13 22:46:33;17.08.13 22:46:48;00:00:15;48,50;40,71;0;1 598,56
82;Краснода-Архангельск;Очень длинный трек;17.08.13 22:47:48;17.08.13 22:48:03;00:00:15;49,30;43,97;0;1 600,18
83;Краснода-Архангельск;Очень длинный трек;17.08.13 22:51:33;17.08.13 22:51:48;00:00:15;46,80;50,27;0;1 604,92
84;Краснода-Архангельск;Очень длинный трек;17.08.13 22:54:03;17.08.13 22:54:18;00:00:15;50,50;55,22;0;1 608,19
85;Краснода-Архангельск;Очень длинный трек;17.08.13 22:56:33;17.08.13 22:56:48;00:00:15;48,20;60,13;0;1 611,49
86;Краснода-Архангельск;Очень длинный трек;17.08.13 22:57:48;17.08.13 22:58:03;00:00:15;50,40;63,42;0;1 613,10
87;Краснода-Архангельск;Очень длинный трек;17.08.13 23:04:03;17.08.13 23:04:18;00:00:15;46,40;73,18;0;1 621,31
88;Краснода-Архангельск;Очень длинный трек;17.08.13 23:09:03;17.08.13 23:09:18;00:00:15;47,90;81,11;0;1 627,65
89;Зона интереса 03/22/2013 19:58:26;;18.08.13 02:24:18;18.08.13 02:24:33;00:00:15;0,30;96,05;0;1 641,01
90;Зона интереса 03/22/2013 19:48:42;;18.08.13 05:09:18;18.08.13 11:28:18;06:19:00;57,00;4,28;162,29;1 645,36
91;Краснода-Архангельск;Очень длинный трек;18.08.13 08:49:03;18.08.13 11:27:03;02:38:00;50,90;1,54;134,45;1 663,20
92;Зона интереса 03/22/2013 19:48:42;;18.08.13 11:31:03;18.08.13 11:33:33;00:02:30;46,40;3,49;3,05;1 810,89
93;Краснода-Архангельск;Очень длинный трек;18.08.13 11:31:04;18.08.13 11:31:18;00:00:14;42,00;270,93;0;1 810,89
94;Зона интереса 03/22/2013 19:48:42;;18.08.13 11:34:48;18.08.13 11:34:49;00:00:01;46,70;3,10;0;2 084,87
95;Краснода-Архангельск;Очень длинный трек;18.08.13 11:34:49;18.08.13 11:35:03;00:00:14;46,70;273,90;0;2 084,87
96;Зона интереса 03/22/2013 19:48:42;;18.08.13 11:36:03;18.08.13 11:37:33;00:01:30;46,70;549,36;1,76;2 358,77
97;Зона интереса 03/22/2013 19:48:42;;18.08.13 11:40:03;18.08.13 11:40:18;00:00:15;51,30;5,07;0;2 363,69
98;Зона интереса 03/22/2013 19:48:42;;18.08.13 11:41:18;18.08.13 11:41:19;00:00:01;47,70;8,36;0;2 365,40
99;Краснода-Архангельск;Очень длинный трек;18.08.13 11:41:19;18.08.13 11:41:33;00:00:14;47,70;277,95;0;2 365,40
100;Зона интереса 03/22/2013 19:48:42;;18.08.13 11:42:33;18.08.13 11:42:34;00:00:01;50,10;557,57;0;2 643,34
101;Краснода-Архангельск;Очень длинный трек;18.08.13 11:42:34;18.08.13 11:42:48;00:00:14;50,10;278,50;0;2 643,34
102;Зона интереса 03/22/2013 19:48:42;;18.08.13 11:43:48;18.08.13 12:09:48;00:26:00;60,60;558,59;28,04;2 921,84
103;Краснода-Архангельск;Очень длинный трек;18.08.13 11:43:49;18.08.13 12:09:48;00:25:59;60,60;278,60;27,11;2 921,84
104;Зона интереса 03/22/2013 19:48:42;;18.08.13 12:12:33;18.08.13 12:12:48;00:00:15;40,80;3,47;0;3 230,26
105;Зона интереса 03/22/2013 19:48:42;;18.08.13 12:14:03;18.08.13 20:58:33;08:44:30;48,40;6,95;9,65;3 231,96
106;Краснода-Архангельск;Очень длинный трек;18.08.13 20:57:03;18.08.13 20:57:18;00:00:15;39,60;1,65;0;3 240,04
107;Зона интереса 03/22/2013 19:48:42;;18.08.13 21:00:03;18.08.13 21:00:04;00:00:01;39,20;3,32;0;3 243,38
108;Краснода-Архангельск;Очень длинный трек;18.08.13 21:00:04;18.08.13 21:00:18;00:00:14;39,20;306,67;0;3 243,38
109;Зона интереса 03/22/2013 19:48:42;;18.08.13 21:01:33;18.08.13 21:08:18;00:06:45;47,70;615,00;7,99;3 550,06
110;Краснода-Архангельск;Очень длинный трек;18.08.13 21:04:18;18.08.13 21:08:18;00:04:00;40,20;1,67;4,72;3 553,25
111;Зона интереса 03/22/2013 19:48:42;;18.08.13 21:09:48;18.08.13 21:11:03;00:01:15;49,70;3,38;1,66;3 559,70
112;Зона интереса 03/22/2013 19:48:42;;18.08.13 21:16:33;18.08.13 21:23:03;00:06:30;54,90;6,68;6,68;3 566,38
113;Зона интереса 03/22/2013 19:48:42;;18.08.13 21:25:18;18.08.13 22:07:48;00:42:30;46,30;3,36;37,09;3 574,75
114;Краснода-Архангельск;Очень длинный трек;18.08.13 21:25:19;18.08.13 22:08:03;00:42:44;46,30;330,48;37,23;3 574,75
115;Зона интереса 03/22/2013 19:48:42;;18.08.13 22:10:18;18.08.13 23:59:03;01:48:45;52,10;3,12;55,99;3 944,04
116;Краснода-Архангельск;Очень длинный трек;18.08.13 22:10:19;18.08.13 23:59:03;01:48:44;48,50;358,44;55,74;3 944,04
117;Окончание движения;Окончание движения;18.08.13 23:59:03;;;;;;4 358,50
Организация;;Демо;;;;;;;
Группа;;Легковые;;;;;;;
Наименование;;Лада й 963 йййцйц546;;;;;;;
Регистрационный №;;й 963 йй;;;;;;;
Описание;;Лада Р 932 ВС 23 rus;;;;;;;
Зона интереса;;;Время въезда;Время выезда;Продолжи- тельность (чч:мм:сc);Макс.  скорость (км/ч);Расстояние (км);;
№;Наименование;Описание;;;;;от  предыдущей;в зоне;с начала движения
1;Начало движения;Начало движения;;16.08.13 00:00:14;;;;;0,00
2;Краснода-Архангельск;Очень длинный трек;16.08.13 00:00:29;16.08.13 00:00:44;00:00:15;80,60;0,33;0,34;0,00
3;Краснода-Архангельск;Очень длинный трек;16.08.13 00:02:14;16.08.13 00:02:29;00:00:15;76,30;2,28;0;2,29
4;Краснода-Архангельск;Очень длинный трек;16.08.13 00:03:44;16.08.13 00:03:59;00:00:15;66,70;4,33;0;4,06
5;Краснода-Архангельск;Очень длинный трек;16.08.13 00:07:29;16.08.13 00:18:29;00:11:00;81,80;9,21;13,72;8,62
6;Краснода-Архангельск;Очень длинный трек;16.08.13 00:19:59;16.08.13 00:28:44;00:08:45;83,30;2,06;11,30;24,12
7;Краснода-Архангельск;Очень длинный трек;16.08.13 00:29:14;16.08.13 00:30:29;00:01:15;73,70;0,93;1,46;36,04
8;Краснода-Архангельск;Очень длинный трек;16.08.13 00:31:59;16.08.13 00:32:59;00:01:00;77,80;2,08;1,26;39,28
9;Краснода-Архангельск;Очень длинный трек;16.08.13 00:33:29;16.08.13 00:33:44;00:00:15;78,20;0,95;0;41,15
10;Краснода-Архангельск;Очень длинный трек;16.08.13 00:35:14;16.08.13 00:35:59;00:00:45;77,80;3,64;0,92;43,51
11;Краснода-Архангельск;Очень длинный трек;16.08.13 00:36:44;16.08.13 00:41:14;00:04:30;78,50;1,25;5,75;45,39
12;Краснода-Архангельск;Очень длинный трек;16.08.13 00:41:44;16.08.13 00:41:59;00:00:15;75,10;0,95;0;51,77
13;Краснода-Архангельск;Очень длинный трек;16.08.13 00:42:44;16.08.13 00:42:59;00:00:15;79,90;2,55;0,31;53,04
14;Краснода-Архангельск;Очень длинный трек;16.08.13 00:43:29;16.08.13 00:43:44;00:00:15;73,40;0,91;0;53,97
15;Краснода-Архангельск;Очень длинный трек;16.08.13 00:46:01;16.08.13 00:46:16;00:00:15;76,10;4,41;0,30;57,16
16;Краснода-Архангельск;Очень длинный трек;16.08.13 00:47:01;16.08.13 00:52:16;00:05:15;79,90;1,13;6,62;58,30
17;Краснода-Архангельск;Очень длинный трек;16.08.13 00:53:31;16.08.13 00:57:31;00:04:00;88,10;1,93;5,45;66,52
18;Краснода-Архангельск;Очень длинный трек;16.08.13 00:58:46;16.08.13 00:59:16;00:00:30;80,20;1,93;0,65;73,55
19;Краснода-Архангельск;Очень длинный трек;16.08.13 00:59:46;16.08.13 01:00:01;00:00:15;79,00;0,99;0;74,84
20;Краснода-Архангельск;Очень длинный трек;16.08.13 01:00:46;16.08.13 01:01:01;00:00:15;85,90;2,71;0;76,20
21;Краснода-Архангельск;Очень длинный трек;16.08.13 01:01:16;16.08.13 01:01:31;00:00:15;79,90;3,77;0;76,93
22;Краснода-Архангельск;Очень длинный трек;16.08.13 01:01:46;16.08.13 01:07:16;00:05:30;79,70;4,68;6,91;77,55
23;Краснода-Архангельск;Очень длинный трек;16.08.13 01:08:16;16.08.13 01:19:16;00:11:00;83,50;1,58;14,41;85,71
24;Краснода-Архангельск;Очень длинный трек;16.08.13 01:20:01;16.08.13 01:20:46;00:00:45;91,20;1,44;0,95;101,15
25;Краснода-Архангельск;Очень длинный трек;16.08.13 01:21:46;16.08.13 01:39:16;00:17:30;83,80;1,41;19,46;103,30
26;Краснода-Архангельск;Очень длинный трек;16.08.13 01:39:46;16.08.13 01:40:01;00:00:15;35,50;0,44;0;123,22
27;Краснода-Архангельск;Очень длинный трек;16.08.13 01:40:16;16.08.13 01:40:46;00:00:30;48,70;0,97;0,39;123,54
28;Краснода-Архангельск;Очень длинный трек;16.08.13 01:44:01;16.08.13 01:46:31;00:02:30;70,30;2,59;2,42;126,39
29;Краснода-Архангельск;Очень длинный трек;16.08.13 01:47:16;16.08.13 01:47:31;00:00:15;67,70;1,12;0;129,53
30;Краснода-Архангельск;Очень длинный трек;16.08.13 01:48:16;16.08.13 01:48:31;00:00:15;58,60;2,44;0;130,61
31;Краснода-Архангельск;Очень длинный трек;16.08.13 01:49:01;16.08.13 02:41:16;00:52:15;84,20;3,44;42,41;131,33
32;Краснода-Архангельск;Очень длинный трек;16.08.13 02:41:46;16.08.13 02:48:16;00:06:30;86,20;0,86;7,37;174,29
33;Краснода-Архангельск;Очень длинный трек;16.08.13 02:49:01;16.08.13 02:49:46;00:00:45;69,80;1,05;0,58;182,49
34;Краснода-Архангельск;Очень длинный трек;16.08.13 02:50:16;16.08.13 02:50:46;00:00:30;21,40;0,26;0,11;183,45
35;Краснода-Архангельск;Очень длинный трек;16.08.13 02:51:16;16.08.13 02:51:31;00:00:15;25,40;0,24;0,11;183,73
36;Краснода-Архангельск;Очень длинный трек;16.08.13 02:52:01;16.08.13 02:52:16;00:00:15;26,60;0,31;0;184,02
37;Краснода-Архангельск;Очень длинный трек;16.08.13 02:52:46;16.08.13 02:53:01;00:00:15;51,10;1,02;0;184,51
38;Краснода-Архангельск;Очень длинный трек;16.08.13 02:53:16;16.08.13 02:53:31;00:00:15;51,10;1,65;0;184,93
39;Краснода-Архангельск;Очень длинный трек;16.08.13 02:53:46;16.08.13 02:54:01;00:00:15;56,90;2,25;0,24;185,33
40;Краснода-Архангельск;Очень длинный трек;16.08.13 02:54:46;16.08.13 02:55:01;00:00:15;52,10;0,89;0;186,21
41;Краснода-Архангельск;Очень длинный трек;16.08.13 02:55:46;16.08.13 02:56:46;00:01:00;51,80;1,92;0,71;187,02
42;Краснода-Архангельск;Очень длинный трек;16.08.13 02:57:16;16.08.13 02:58:01;00:00:45;50,90;0,55;0,56;188,12
43;Краснода-Архангельск;Очень длинный трек;16.08.13 02:58:31;16.08.13 02:58:46;00:00:15;62,60;0,72;0;189,11
44;Краснода-Архангельск;Очень длинный трек;16.08.13 02:59:01;16.08.13 03:00:01;00:01:00;41,00;1,37;0,31;189,60
45;Краснода-Архангельск;Очень длинный трек;16.08.13 03:00:31;16.08.13 03:02:16;00:01:45;30,00;0,27;0,69;190,17
46;Краснода-Архангельск;Очень длинный трек;16.08.13 03:03:31;16.08.13 03:05:01;00:01:30;69,40;1,01;1,60;191,63
47;Краснода-Архангельск;Очень длинный трек;16.08.13 03:05:31;16.08.13 03:20:31;00:15:00;79,40;0,81;12,94;193,71
48;Краснода-Архангельск;Очень длинный трек;16.08.13 03:21:16;16.08.13 03:22:16;00:01:00;40,60;0,62;0,51;207,22
49;Краснода-Архангельск;Очень длинный трек;16.08.13 03:22:46;16.08.13 03:27:16;00:04:30;54,50;0,47;3,02;208,07
50;Краснода-Архангельск;Очень длинный трек;16.08.13 03:27:46;16.08.13 03:38:16;00:10:30;58,60;0,42;6,69;211,42
51;Краснода-Архангельск;Очень длинный трек;16.08.13 03:45:01;16.08.13 03:45:16;00:00:15;54,50;6,61;0;224,47
52;Краснода-Архангельск;Очень длинный трек;16.08.13 03:45:46;16.08.13 04:02:46;00:17:00;74,60;7,44;15,06;225,11
53;Краснода-Архангельск;Очень длинный трек;16.08.13 04:07:46;16.08.13 04:17:31;00:09:45;85,20;5,98;4,19;245,73
54;Постоим, отдохнём.;;16.08.13 11:17:38;16.08.13 11:44:53;00:27:15;14,90;39,97;2,09;290,18
55;Постоим, отдохнём.;;16.08.13 18:34:08;16.08.13 19:53:12;01:19:04;17,30;3,56;2,77;295,82
56;Краснода-Архангельск;Очень длинный трек;16.08.13 21:40:14;16.08.13 21:44:44;00:04:30;71,00;40,10;4,82;338,65
57;Краснода-Архангельск;Очень длинный трек;16.08.13 21:49:59;16.08.13 22:02:29;00:12:30;74,40;5,53;12,24;348,49
58;Краснода-Архангельск;Очень длинный трек;16.08.13 22:02:59;16.08.13 22:03:29;00:00:30;73,40;0,84;0,61;361,23
59;Краснода-Архангельск;Очень длинный трек;16.08.13 22:05:59;16.08.13 22:06:14;00:00:15;62,20;2,93;0,26;364,50
60;Краснода-Архангельск;Очень длинный трек;16.08.13 22:11:44;16.08.13 22:13:44;00:02:00;55,40;5,46;1,46;369,98
61;Краснода-Архангельск;Очень длинный трек;16.08.13 22:14:14;16.08.13 22:14:29;00:00:15;38,20;0,44;0;371,82
62;Краснода-Архангельск;Очень длинный трек;16.08.13 22:14:59;16.08.13 22:19:44;00:04:45;58,80;1,18;3,62;372,34
63;Краснода-Архангельск;Очень длинный трек;16.08.13 22:21:44;16.08.13 22:25:59;00:04:15;57,80;1,64;3,68;377,51
64;Краснода-Архангельск;Очень длинный трек;16.08.13 22:26:29;16.08.13 22:41:44;00:15:15;67,70;0,57;13,79;381,62
65;Краснода-Архангельск;Очень длинный трек;16.08.13 22:44:44;16.08.13 22:49:14;00:04:30;70,80;2,71;3,73;397,87
66;Краснода-Архангельск;Очень длинный трек;16.08.13 22:49:59;16.08.13 22:50:14;00:00:15;57,10;0,95;0;402,27
67;Краснода-Архангельск;Очень длинный трек;16.08.13 22:50:29;16.08.13 22:53:29;00:03:00;67,00;1,70;3,07;402,76
68;Краснода-Архангельск;Очень длинный трек;16.08.13 22:54:29;16.08.13 22:54:44;00:00:15;19,90;0,78;0,08;406,54
69;Краснода-Архангельск;Очень длинный трек;16.08.13 22:56:14;16.08.13 22:57:14;00:01:00;64,60;0,74;0,95;407,18
70;Краснода-Архангельск;Очень длинный трек;16.08.13 22:57:44;16.08.13 23:01:59;00:04:15;66,20;0,59;3,54;408,48
71;Краснода-Архангельск;Очень длинный трек;16.08.13 23:02:29;16.08.13 23:04:44;00:02:15;65,30;0,47;1,92;412,35
72;Краснода-Архангельск;Очень длинный трек;16.08.13 23:05:14;16.08.13 23:40:44;00:35:30;81,60;0,44;16,01;414,61
73;Краснода-Архангельск;Очень длинный трек;16.08.13 23:41:14;16.08.13 23:41:29;00:00:15;59,00;0,73;0;431,01
74;Краснода-Архангельск;Очень длинный трек;16.08.13 23:41:59;17.08.13 00:10:29;00:28:30;82,30;1,80;25,46;431,80
75;Краснода-Архангельск;Очень длинный трек;17.08.13 00:10:59;17.08.13 00:13:29;00:02:30;37,00;0,48;1,17;457,73
76;Краснода-Архангельск;Очень длинный трек;17.08.13 00:14:44;17.08.13 00:14:59;00:00:15;29,80;0,54;0;459,35
77;Краснода-Архангельск;Очень длинный трек;17.08.13 00:15:29;17.08.13 00:18:14;00:02:45;61,20;1,19;2,47;459,81
78;Краснода-Архангельск;Очень длинный трек;17.08.13 00:21:44;17.08.13 00:23:29;00:01:45;53,50;3,61;1,43;465,65
79;Краснода-Архангельск;Очень длинный трек;17.08.13 00:25:59;17.08.13 00:26:29;00:00:30;39,60;1,87;0,30;468,83
80;Краснода-Архангельск;Очень длинный трек;17.08.13 00:27:59;17.08.13 00:28:14;00:00:15;65,30;1,83;0;470,69
81;Краснода-Архангельск;Очень длинный трек;17.08.13 00:33:59;17.08.13 00:36:14;00:02:15;82,10;2,48;2,68;471,27
82;Краснода-Архангельск;Очень длинный трек;17.08.13 00:36:59;17.08.13 00:41:14;00:04:15;85,40;1,31;5,15;474,66
83;Краснода-Архангельск;Очень длинный трек;17.08.13 00:48:29;17.08.13 00:48:44;00:00:15;56,90;8,94;0;488,57
84;Краснода-Архангельск;Очень длинный трек;17.08.13 01:01:44;17.08.13 01:01:59;00:00:15;76,60;24,94;0,32;504,25
85;Краснода-Архангельск;Очень длинный трек;17.08.13 01:12:44;17.08.13 01:12:59;00:00:15;68,20;13,61;0;517,90
86;Краснода-Архангельск;Очень длинный трек;17.08.13 01:14:29;17.08.13 01:14:44;00:00:15;52,60;15,42;0;519,48
87;Краснода-Архангельск;Очень длинный трек;17.08.13 01:14:59;17.08.13 01:15:14;00:00:15;61,20;16,13;0;519,94
88;Краснода-Архангельск;Очень длинный трек;17.08.13 01:18:44;17.08.13 01:18:59;00:00:15;80,90;21,32;0;524,79
89;Краснода-Архангельск;Очень длинный трек;17.08.13 01:22:44;17.08.13 01:22:59;00:00:15;76,30;26,66;0;529,82
90;Краснода-Архангельск;Очень длинный трек;17.08.13 01:28:44;17.08.13 01:33:29;00:04:45;78,70;34,17;5,84;537,00
91;Краснода-Архангельск;Очень длинный трек;17.08.13 01:34:29;17.08.13 01:34:59;00:00:30;79,70;1,60;0,66;544,12
92;Краснода-Архангельск;Очень длинный трек;17.08.13 01:36:44;17.08.13 01:36:59;00:00:15;70,80;2,56;0,26;547,05
93;Краснода-Архангельск;Очень длинный трек;17.08.13 01:37:29;17.08.13 01:38:44;00:01:15;69,60;0,78;1,37;547,86
94;Краснода-Архангельск;Очень длинный трек;17.08.13 01:40:59;17.08.13 01:41:14;00:00:15;70,80;3,13;0;552,06
95;Краснода-Архангельск;Очень длинный трек;17.08.13 01:42:29;17.08.13 01:43:59;00:01:30;77,80;5,46;1,88;554,09
96;Краснода-Архангельск;Очень длинный трек;17.08.13 01:45:14;17.08.13 01:45:44;00:00:30;76,10;1,89;0,63;557,56
97;Краснода-Архангельск;Очень длинный трек;17.08.13 01:48:44;17.08.13 01:48:59;00:00:15;67,90;4,21;0;562,11
98;Краснода-Архангельск;Очень длинный трек;17.08.13 01:54:44;17.08.13 01:54:59;00:00:15;74,60;11,84;0,31;569,44
99;Краснода-Архангельск;Очень длинный трек;17.08.13 01:55:29;17.08.13 01:55:44;00:00:15;73,70;0,92;0;570,35
100;Краснода-Архангельск;Очень длинный трек;17.08.13 01:57:29;17.08.13 01:57:44;00:00:15;55,90;3,47;0;572,67
101;Краснода-Архангельск;Очень длинный трек;17.08.13 01:58:29;17.08.13 01:58:44;00:00:15;66,70;4,70;0,25;573,62
102;Краснода-Архангельск;Очень длинный трек;17.08.13 01:59:29;17.08.13 02:00:44;00:01:15;73,20;1,12;1,50;574,72
103;Краснода-Архангельск;Очень длинный трек;17.08.13 02:01:14;17.08.13 02:02:29;00:01:15;66,20;0,86;1,31;576,81
104;Краснода-Архангельск;Очень длинный трек;17.08.13 02:42:29;17.08.13 02:43:44;00:01:15;79,00;38,52;1,61;616,34
105;Краснода-Архангельск;Очень длинный трек;17.08.13 02:56:14;17.08.13 02:56:29;00:00:15;77,80;13,82;0,32;631,45
106;Краснода-Архангельск;Очень длинный трек;17.08.13 02:59:14;17.08.13 02:59:29;00:00:15;73,40;3,71;0,31;635,16
107;Краснода-Архангельск;Очень длинный трек;17.08.13 03:03:59;17.08.13 03:04:14;00:00:15;71,30;5,03;0,30;640,21
108;Краснода-Архангельск;Очень длинный трек;17.08.13 03:09:59;17.08.13 03:13:59;00:04:00;78,50;7,67;4,96;647,85
109;Краснода-Архангельск;Очень длинный трек;17.08.13 03:14:29;17.08.13 03:16:59;00:02:30;76,30;0,91;3,03;653,43
110;Краснода-Архангельск;Очень длинный трек;17.08.13 03:17:29;17.08.13 03:17:59;00:00:30;72,20;0,86;0,60;657,05
111;Краснода-Архангельск;Очень длинный трек;17.08.13 03:18:44;17.08.13 03:19:29;00:00:45;69,60;1,21;0,77;658,55
112;Краснода-Архангельск;Очень длинный трек;17.08.13 03:19:59;17.08.13 03:20:44;00:00:45;66,70;0,53;0,75;659,76
113;Краснода-Архангельск;Очень длинный трек;17.08.13 03:22:29;17.08.13 03:23:59;00:01:30;78,20;2,40;1,81;662,48
114;Краснода-Архангельск;Очень длинный трек;17.08.13 03:24:59;17.08.13 03:25:29;00:00:30;71,50;1,51;0,59;665,51
115;Краснода-Архангельск;Очень длинный трек;17.08.13 03:27:14;17.08.13 03:27:29;00:00:15;71,50;2,40;0;668,20
116;Краснода-Архангельск;Очень длинный трек;17.08.13 04:50:24;17.08.13 04:53:09;00:02:45;49,20;33,41;1,81;699,02
117;Краснода-Архангельск;Очень длинный трек;17.08.13 04:56:09;17.08.13 04:56:24;00:00:15;42,00;2,09;0;702,76
118;Краснода-Архангельск;Очень длинный трек;17.08.13 05:01:49;17.08.13 05:01:54;00:00:05;189,40;7,84;0;708,24
119;Краснода-Архангельск;Очень длинный трек;17.08.13 05:04:24;17.08.13 05:04:54;00:00:30;60,20;10,89;0,46;711,04
120;Краснода-Архангельск;Очень длинный трек;17.08.13 05:07:09;17.08.13 05:07:24;00:00:15;43,00;2,01;0;713,35
121;Краснода-Архангельск;Очень длинный трек;17.08.13 05:28:39;17.08.13 05:28:54;00:00:15;65,50;25,16;0;736,23
122;Краснода-Архангельск;Очень длинный трек;17.08.13 05:29:24;17.08.13 05:29:39;00:00:15;74,60;26,32;0,31;737,08
123;Краснода-Архангельск;Очень длинный трек;17.08.13 05:31:39;17.08.13 05:31:54;00:00:15;74,20;2,64;0;739,73
124;Краснода-Архангельск;Очень длинный трек;17.08.13 05:32:24;17.08.13 05:32:54;00:00:30;78,50;3,96;0,64;740,72
125;Краснода-Архангельск;Очень длинный трек;17.08.13 05:34:54;17.08.13 05:36:39;00:01:45;79,90;2,92;2,25;743,95
126;Краснода-Архангельск;Очень длинный трек;17.08.13 05:37:09;17.08.13 05:39:39;00:02:30;85,40;0,95;3,11;746,85
127;Краснода-Архангельск;Очень длинный трек;17.08.13 05:40:24;17.08.13 05:42:24;00:02:00;80,40;1,19;2,55;750,87
128;Краснода-Архангельск;Очень длинный трек;17.08.13 05:42:54;17.08.13 05:45:39;00:02:45;78,20;0,97;3,50;754,08
129;Краснода-Архангельск;Очень длинный трек;17.08.13 05:50:39;17.08.13 05:50:54;00:00:15;81,10;6,77;0;764,01
130;Краснода-Архангельск;Очень длинный трек;17.08.13 05:51:09;17.08.13 05:51:24;00:00:15;74,20;7,75;0,30;764,68
131;Краснода-Архангельск;Очень длинный трек;17.08.13 05:52:24;17.08.13 05:55:39;00:03:15;78,20;1,53;4,06;766,21
132;Краснода-Архангельск;Очень длинный трек;17.08.13 05:56:39;17.08.13 05:59:39;00:03:00;77,30;1,60;3,51;771,54
133;Краснода-Архангельск;Очень длинный трек;17.08.13 06:00:09;17.08.13 06:00:24;00:00:15;82,80;0,88;0,34;775,65
134;Краснода-Архангельск;Очень длинный трек;17.08.13 06:00:54;17.08.13 06:04:09;00:03:15;81,80;0,97;4,23;776,64
135;Краснода-Архангельск;Очень длинный трек;17.08.13 06:06:39;17.08.13 06:06:54;00:00:15;75,60;3,59;0;784,14
136;Краснода-Архангельск;Очень длинный трек;17.08.13 06:08:09;17.08.13 06:09:39;00:01:30;79,70;5,84;1,92;786,07
137;Краснода-Архангельск;Очень длинный трек;17.08.13 06:10:09;17.08.13 06:12:09;00:02:00;76,30;0,94;2,41;788,63
138;Краснода-Архангельск;Очень длинный трек;17.08.13 06:12:39;17.08.13 06:13:54;00:01:15;85,60;0,91;1,56;791,66
139;Краснода-Архангельск;Очень длинный трек;17.08.13 06:14:24;17.08.13 06:14:39;00:00:15;76,60;0,95;0,32;793,84
140;Краснода-Архангельск;Очень длинный трек;17.08.13 06:15:09;17.08.13 06:15:24;00:00:15;76,30;0,95;0;794,80
141;Краснода-Архангельск;Очень длинный трек;17.08.13 06:15:39;17.08.13 06:16:24;00:00:45;77,30;1,91;0,96;795,43
142;Краснода-Архангельск;Очень длинный трек;17.08.13 06:16:54;17.08.13 06:17:09;00:00:15;73,00;0,94;0,30;797,02
143;Краснода-Архангельск;Очень длинный трек;17.08.13 06:18:39;17.08.13 06:18:54;00:00:15;73,40;2,19;0,31;799,21
144;Краснода-Архангельск;Очень длинный трек;17.08.13 06:19:24;17.08.13 06:19:39;00:00:15;76,10;0,94;0;800,14
145;Краснода-Архангельск;Очень длинный трек;17.08.13 06:20:09;17.08.13 06:20:24;00:00:15;76,60;2,19;0;801,08
146;Краснода-Архангельск;Очень длинный трек;17.08.13 06:22:24;17.08.13 06:22:39;00:00:15;80,60;5,30;0,32;803,85
147;Краснода-Архангельск;Очень длинный трек;17.08.13 06:26:09;17.08.13 06:26:39;00:00:30;78,70;4,89;0,65;808,75
148;Краснода-Архангельск;Очень длинный трек;17.08.13 06:27:39;17.08.13 06:31:39;00:04:00;83,50;1,58;4,51;810,65
149;Краснода-Архангельск;Очень длинный трек;17.08.13 06:33:24;17.08.13 06:33:39;00:00:15;36,70;1,53;0;816,63
150;Краснода-Архангельск;Очень длинный трек;17.08.13 06:37:24;17.08.13 06:42:54;00:05:30;78,00;6,07;6,95;820,86
151;Краснода-Архангельск;Очень длинный трек;17.08.13 06:43:24;17.08.13 06:45:54;00:02:30;77,50;0,88;2,73;828,41
152;Краснода-Архангельск;Очень длинный трек;17.08.13 06:46:39;17.08.13 06:47:39;00:01:00;77,00;1,28;1,25;832,06
153;Краснода-Архангельск;Очень длинный трек;17.08.13 06:48:09;17.08.13 06:49:24;00:01:15;75,80;0,96;1,57;833,94
154;Краснода-Архангельск;Очень длинный трек;17.08.13 06:50:09;17.08.13 06:50:24;00:00:15;74,20;1,24;0;836,44
155;Краснода-Архангельск;Очень длинный трек;17.08.13 06:50:54;17.08.13 06:51:09;00:00:15;70,80;2,43;0;837,34
156;Краснода-Архангельск;Очень длинный трек;17.08.13 06:51:39;17.08.13 06:52:39;00:01:00;61,90;3,53;0,30;838,18
157;Краснода-Архангельск;Очень длинный трек;17.08.13 06:56:24;17.08.13 07:00:54;00:04:30;74,90;0,23;3,40;838,91
158;Краснода-Архангельск;Очень длинный трек;17.08.13 07:01:39;17.08.13 07:03:24;00:01:45;76,80;1,25;2,19;843,01
159;Краснода-Архангельск;Очень длинный трек;17.08.13 07:04:24;17.08.13 07:04:39;00:00:15;23,80;0,75;0;845,86
160;Зона интереса 07/31/2013 12:13:55;2345;17.08.13 11:54:35;17.08.13 11:58:20;00:03:45;74,40;54,10;4,40;898,92
161;Зона интереса 03/04/2013 23:47:40;;17.08.13 13:44:42;17.08.13 13:46:42;00:02:00;74,20;27,94;2,45;931,00
162;Зона интереса 03/04/2013 23:47:40;;17.08.13 13:47:42;17.08.13 13:48:27;00:00:45;74,20;1,52;0,92;934,67
163;Зона интереса 03/04/2013 23:47:40;;17.08.13 16:54:12;17.08.13 16:55:12;00:01:00;75,60;67,67;1,09;1 002,93
164;Зона интереса 03/04/2013 23:47:40;;17.08.13 16:56:27;17.08.13 16:58:27;00:02:00;71,00;1,30;2,21;1 005,18
165;Тут пересекается;Поэтому площадь считается неправильно;17.08.13 17:20:27;17.08.13 17:20:57;00:00:30;75,40;19,00;0,62;1 026,08
166;Зона интереса 25.02.2013 20:36:20;;17.08.13 17:44:42;17.08.13 17:44:57;00:00:15;52,30;8,92;0;1 035,41
167;Краснода-Архангельск;Очень длинный трек;17.08.13 18:12:57;17.08.13 18:13:42;00:00:45;64,10;37,19;0,59;1 063,41
168;Краснода-Архангельск;Очень длинный трек;17.08.13 18:14:57;17.08.13 18:15:12;00:00:15;41,00;0,89;0;1 064,84
169;Овал;;17.08.13 18:25:12;17.08.13 21:04:27;02:39:15;78,20;12,22;83,88;1 075,88
170;Маршрут №2;;17.08.13 18:58:57;17.08.13 20:32:27;01:33:30;68,40;0,50;5,64;1 111,17
171;Краснода-Архангельск;Очень длинный трек;17.08.13 21:14:12;17.08.13 21:14:42;00:00:30;42,50;11,45;0,24;1 171,11
172;Краснода-Архангельск;Очень длинный трек;17.08.13 21:16:12;17.08.13 21:16:27;00:00:15;32,20;1,39;0;1 172,51
173;Зона интереса 25.02.2013 20:36:20;;17.08.13 21:42:57;17.08.13 21:43:12;00:00:15;64,80;28,90;0;1 199,74
174;Тут пересекается;Поэтому площадь считается неправильно;17.08.13 21:50:27;17.08.13 21:51:12;00:00:45;71,80;37,64;0,89;1 208,19
175;Зона интереса 07/31/2013 12:13:55;2345;17.08.13 23:10:03;18.08.13 00:18:03;01:08:00;75,10;39,44;7,91;1 248,37
176;Зона интереса 25.02.2013 20:36:20;;18.08.13 00:46:33;18.08.13 00:46:48;00:00:15;62,90;24,27;0;1 280,24
177;Тут пересекается;Поэтому площадь считается неправильно;18.08.13 00:53:18;18.08.13 00:54:18;00:01:00;64,60;30,76;0,96;1 286,54
178;Краснода-Архангельск;Очень длинный трек;18.08.13 01:40:48;18.08.13 01:45:33;00:04:45;45,40;46,99;1,27;1 334,24
179;Краснода-Архангельск;Очень длинный трек;18.08.13 01:46:48;18.08.13 01:47:03;00:00:15;41,80;1,10;0;1 336,41
180;Краснода-Архангельск;Очень длинный трек;18.08.13 04:55:18;18.08.13 04:56:18;00:01:00;68,20;107,61;1,05;1 442,64
181;Краснода-Архангельск;Очень длинный трек;18.08.13 04:57:03;18.08.13 04:57:18;00:00:15;42,20;0,91;0;1 444,45
182;Тут пересекается;Поэтому площадь считается неправильно;18.08.13 05:40:18;18.08.13 05:40:48;00:00:30;75,60;48,31;0,63;1 491,53
183;Зона интереса 07/31/2013 12:13:55;2345;18.08.13 06:07:48;18.08.13 07:00:33;00:52:45;68,40;22,28;8,62;1 514,27
184;Краснода-Архангельск;Очень длинный трек;18.08.13 07:49:48;18.08.13 07:52:48;00:03:00;48,20;40,35;1,11;1 563,16
185;Краснода-Архангельск;Очень длинный трек;18.08.13 08:20:03;18.08.13 08:21:18;00:01:15;52,60;0,70;0,98;1 564,91
186;Краснода-Архангельск;Очень длинный трек;18.08.13 10:38:34;18.08.13 10:40:34;00:02:00;58,60;84,89;1,41;1 650,60
187;Краснода-Архангельск;Очень длинный трек;18.08.13 10:41:04;18.08.13 10:41:19;00:00:15;58,30;0,69;0,24;1 652,25
188;Краснода-Архангельск;Очень длинный трек;18.08.13 10:42:04;18.08.13 10:42:34;00:00:30;68,20;1,02;0,56;1 653,23
189;Краснода-Архангельск;Очень длинный трек;18.08.13 10:43:19;18.08.13 10:45:19;00:02:00;67,70;1,14;2,20;1 654,64
190;Краснода-Архангельск;Очень длинный трек;18.08.13 10:47:04;18.08.13 10:47:49;00:00:45;64,10;1,88;0,78;1 658,48
191;Шлагбаум;На въезде;18.08.13 10:58:19;18.08.13 10:58:34;00:00:15;58,80;11,56;0;1 670,59
192;Шлагбаум;На въезде;18.08.13 21:54:34;18.08.13 21:54:49;00:00:15;65,80;257,25;0;1 916,00
193;Краснода-Архангельск;Очень длинный трек;18.08.13 22:07:49;18.08.13 22:08:34;00:00:45;67,40;268,56;0,71;1 927,20
194;Краснода-Архангельск;Очень длинный трек;18.08.13 22:10:04;18.08.13 22:12:04;00:02:00;76,10;1,86;2,41;1 929,38
195;Краснода-Архангельск;Очень длинный трек;18.08.13 22:12:34;18.08.13 22:16:04;00:03:30;77,00;0,95;3,52;1 932,33
196;Окончание движения;Окончание движения;18.08.13 23:59:50;;;;;;1 986,90
